Date of Admission,Elective,"('Elective', 'Female')","('Elective', 'Male')",Elective_Lag_1,Elective_Lag_2,Elective_Lag_3,month,day,year,quarter,dayofweek,dayofyear
2019-05-11,11,5,6,7,14,11,5,11,2019,2,5,131
2019-05-12,14,8,6,11,7,14,5,12,2019,2,6,132
2019-05-13,6,5,1,14,11,7,5,13,2019,2,0,133
2019-05-14,12,6,6,6,14,11,5,14,2019,2,1,134
2019-05-15,12,4,8,12,6,14,5,15,2019,2,2,135
2019-05-16,10,6,4,12,12,6,5,16,2019,2,3,136
2019-05-17,10,5,5,10,12,12,5,17,2019,2,4,137
2019-05-18,3,2,1,10,10,12,5,18,2019,2,5,138
2019-05-19,11,5,6,3,10,10,5,19,2019,2,6,139
2019-05-20,12,8,4,11,3,10,5,20,2019,2,0,140
2019-05-21,9,3,6,12,11,3,5,21,2019,2,1,141
2019-05-22,6,4,2,9,12,11,5,22,2019,2,2,142
2019-05-23,17,9,8,6,9,12,5,23,2019,2,3,143
2019-05-24,6,4,2,17,6,9,5,24,2019,2,4,144
2019-05-25,15,6,9,6,17,6,5,25,2019,2,5,145
2019-05-26,11,6,5,15,6,17,5,26,2019,2,6,146
2019-05-27,6,3,3,11,15,6,5,27,2019,2,0,147
2019-05-28,13,5,8,6,11,15,5,28,2019,2,1,148
2019-05-29,12,4,8,13,6,11,5,29,2019,2,2,149
2019-05-30,9,3,6,12,13,6,5,30,2019,2,3,150
2019-05-31,6,4,2,9,12,13,5,31,2019,2,4,151
2019-06-01,10,5,5,6,9,12,6,1,2019,2,5,152
2019-06-02,10,5,5,10,6,9,6,2,2019,2,6,153
2019-06-03,12,4,8,10,10,6,6,3,2019,2,0,154
2019-06-04,18,9,9,12,10,10,6,4,2019,2,1,155
2019-06-05,8,2,6,18,12,10,6,5,2019,2,2,156
2019-06-06,6,4,2,8,18,12,6,6,2019,2,3,157
2019-06-07,6,1,5,6,8,18,6,7,2019,2,4,158
2019-06-08,11,4,7,6,6,8,6,8,2019,2,5,159
2019-06-09,12,8,4,11,6,6,6,9,2019,2,6,160
2019-06-10,10,6,4,12,11,6,6,10,2019,2,0,161
2019-06-11,10,7,3,10,12,11,6,11,2019,2,1,162
2019-06-12,7,3,4,10,10,12,6,12,2019,2,2,163
2019-06-13,13,9,4,7,10,10,6,13,2019,2,3,164
2019-06-14,12,5,7,13,7,10,6,14,2019,2,4,165
2019-06-15,13,11,2,12,13,7,6,15,2019,2,5,166
2019-06-16,14,9,5,13,12,13,6,16,2019,2,6,167
2019-06-17,6,2,4,14,13,12,6,17,2019,2,0,168
2019-06-18,13,6,7,6,14,13,6,18,2019,2,1,169
2019-06-19,11,5,6,13,6,14,6,19,2019,2,2,170
2019-06-20,8,3,5,11,13,6,6,20,2019,2,3,171
2019-06-21,7,7,0,8,11,13,6,21,2019,2,4,172
2019-06-22,7,5,2,7,8,11,6,22,2019,2,5,173
2019-06-23,12,4,8,7,7,8,6,23,2019,2,6,174
2019-06-24,16,9,7,12,7,7,6,24,2019,2,0,175
2019-06-25,9,7,2,16,12,7,6,25,2019,2,1,176
2019-06-26,14,4,10,9,16,12,6,26,2019,2,2,177
2019-06-27,13,5,8,14,9,16,6,27,2019,2,3,178
2019-06-28,18,12,6,13,14,9,6,28,2019,2,4,179
2019-06-29,8,3,5,18,13,14,6,29,2019,2,5,180
2019-06-30,7,2,5,8,18,13,6,30,2019,2,6,181
2019-07-01,11,3,8,7,8,18,7,1,2019,3,0,182
2019-07-02,5,4,1,11,7,8,7,2,2019,3,1,183
2019-07-03,9,6,3,5,11,7,7,3,2019,3,2,184
2019-07-04,11,6,5,9,5,11,7,4,2019,3,3,185
2019-07-05,11,6,5,11,9,5,7,5,2019,3,4,186
2019-07-06,10,4,6,11,11,9,7,6,2019,3,5,187
2019-07-07,7,3,4,10,11,11,7,7,2019,3,6,188
2019-07-08,9,2,7,7,10,11,7,8,2019,3,0,189
2019-07-09,21,11,10,9,7,10,7,9,2019,3,1,190
2019-07-10,5,4,1,21,9,7,7,10,2019,3,2,191
2019-07-11,19,9,10,5,21,9,7,11,2019,3,3,192
2019-07-12,9,5,4,19,5,21,7,12,2019,3,4,193
2019-07-13,8,4,4,9,19,5,7,13,2019,3,5,194
2019-07-14,12,4,8,8,9,19,7,14,2019,3,6,195
2019-07-15,12,8,4,12,8,9,7,15,2019,3,0,196
2019-07-16,14,6,8,12,12,8,7,16,2019,3,1,197
2019-07-17,12,7,5,14,12,12,7,17,2019,3,2,198
2019-07-18,12,5,7,12,14,12,7,18,2019,3,3,199
2019-07-19,8,4,4,12,12,14,7,19,2019,3,4,200
2019-07-20,6,2,4,8,12,12,7,20,2019,3,5,201
2019-07-21,10,5,5,6,8,12,7,21,2019,3,6,202
2019-07-22,2,2,0,10,6,8,7,22,2019,3,0,203
2019-07-23,10,5,5,2,10,6,7,23,2019,3,1,204
2019-07-24,11,6,5,10,2,10,7,24,2019,3,2,205
2019-07-25,8,6,2,11,10,2,7,25,2019,3,3,206
2019-07-26,14,6,8,8,11,10,7,26,2019,3,4,207
2019-07-27,10,6,4,14,8,11,7,27,2019,3,5,208
2019-07-28,13,8,5,10,14,8,7,28,2019,3,6,209
2019-07-29,12,8,4,13,10,14,7,29,2019,3,0,210
2019-07-30,12,4,8,12,13,10,7,30,2019,3,1,211
2019-07-31,13,7,6,12,12,13,7,31,2019,3,2,212
2019-08-01,11,5,6,13,12,12,8,1,2019,3,3,213
2019-08-02,5,3,2,11,13,12,8,2,2019,3,4,214
2019-08-03,14,7,7,5,11,13,8,3,2019,3,5,215
2019-08-04,11,9,2,14,5,11,8,4,2019,3,6,216
2019-08-05,11,3,8,11,14,5,8,5,2019,3,0,217
2019-08-06,8,5,3,11,11,14,8,6,2019,3,1,218
2019-08-07,8,1,7,8,11,11,8,7,2019,3,2,219
2019-08-08,11,2,9,8,8,11,8,8,2019,3,3,220
2019-08-09,7,3,4,11,8,8,8,9,2019,3,4,221
2019-08-10,14,6,8,7,11,8,8,10,2019,3,5,222
2019-08-11,16,8,8,14,7,11,8,11,2019,3,6,223
2019-08-12,5,5,0,16,14,7,8,12,2019,3,0,224
2019-08-13,8,4,4,5,16,14,8,13,2019,3,1,225
2019-08-14,14,8,6,8,5,16,8,14,2019,3,2,226
2019-08-15,17,6,11,14,8,5,8,15,2019,3,3,227
2019-08-16,6,4,2,17,14,8,8,16,2019,3,4,228
2019-08-17,6,4,2,6,17,14,8,17,2019,3,5,229
2019-08-18,9,4,5,6,6,17,8,18,2019,3,6,230
2019-08-19,5,4,1,9,6,6,8,19,2019,3,0,231
2019-08-20,14,9,5,5,9,6,8,20,2019,3,1,232
2019-08-21,10,6,4,14,5,9,8,21,2019,3,2,233
2019-08-22,10,5,5,10,14,5,8,22,2019,3,3,234
2019-08-23,17,14,3,10,10,14,8,23,2019,3,4,235
2019-08-24,16,7,9,17,10,10,8,24,2019,3,5,236
2019-08-25,12,2,10,16,17,10,8,25,2019,3,6,237
2019-08-26,13,5,8,12,16,17,8,26,2019,3,0,238
2019-08-27,10,4,6,13,12,16,8,27,2019,3,1,239
2019-08-28,9,2,7,10,13,12,8,28,2019,3,2,240
2019-08-29,14,5,9,9,10,13,8,29,2019,3,3,241
2019-08-30,6,1,5,14,9,10,8,30,2019,3,4,242
2019-08-31,12,5,7,6,14,9,8,31,2019,3,5,243
2019-09-01,13,8,5,12,6,14,9,1,2019,3,6,244
2019-09-02,11,7,4,13,12,6,9,2,2019,3,0,245
2019-09-03,8,4,4,11,13,12,9,3,2019,3,1,246
2019-09-04,8,3,5,8,11,13,9,4,2019,3,2,247
2019-09-05,9,6,3,8,8,11,9,5,2019,3,3,248
2019-09-06,7,4,3,9,8,8,9,6,2019,3,4,249
2019-09-07,10,7,3,7,9,8,9,7,2019,3,5,250
2019-09-08,17,6,11,10,7,9,9,8,2019,3,6,251
2019-09-09,13,5,8,17,10,7,9,9,2019,3,0,252
2019-09-10,12,3,9,13,17,10,9,10,2019,3,1,253
2019-09-11,13,3,10,12,13,17,9,11,2019,3,2,254
2019-09-12,12,8,4,13,12,13,9,12,2019,3,3,255
2019-09-13,12,8,4,12,13,12,9,13,2019,3,4,256
2019-09-14,8,3,5,12,12,13,9,14,2019,3,5,257
2019-09-15,4,1,3,8,12,12,9,15,2019,3,6,258
2019-09-16,7,5,2,4,8,12,9,16,2019,3,0,259
2019-09-17,9,6,3,7,4,8,9,17,2019,3,1,260
2019-09-18,8,2,6,9,7,4,9,18,2019,3,2,261
2019-09-19,14,4,10,8,9,7,9,19,2019,3,3,262
2019-09-20,14,6,8,14,8,9,9,20,2019,3,4,263
2019-09-21,4,2,2,14,14,8,9,21,2019,3,5,264
2019-09-22,6,4,2,4,14,14,9,22,2019,3,6,265
2019-09-23,6,1,5,6,4,14,9,23,2019,3,0,266
2019-09-24,8,4,4,6,6,4,9,24,2019,3,1,267
2019-09-25,5,3,2,8,6,6,9,25,2019,3,2,268
2019-09-26,17,10,7,5,8,6,9,26,2019,3,3,269
2019-09-27,12,7,5,17,5,8,9,27,2019,3,4,270
2019-09-28,7,3,4,12,17,5,9,28,2019,3,5,271
2019-09-29,12,7,5,7,12,17,9,29,2019,3,6,272
2019-09-30,10,4,6,12,7,12,9,30,2019,3,0,273
2019-10-01,17,12,5,10,12,7,10,1,2019,4,1,274
2019-10-02,14,6,8,17,10,12,10,2,2019,4,2,275
2019-10-03,8,4,4,14,17,10,10,3,2019,4,3,276
2019-10-04,15,6,9,8,14,17,10,4,2019,4,4,277
2019-10-05,14,7,7,15,8,14,10,5,2019,4,5,278
2019-10-06,10,2,8,14,15,8,10,6,2019,4,6,279
2019-10-07,11,8,3,10,14,15,10,7,2019,4,0,280
2019-10-08,15,4,11,11,10,14,10,8,2019,4,1,281
2019-10-09,14,8,6,15,11,10,10,9,2019,4,2,282
2019-10-10,8,7,1,14,15,11,10,10,2019,4,3,283
2019-10-11,11,5,6,8,14,15,10,11,2019,4,4,284
2019-10-12,15,10,5,11,8,14,10,12,2019,4,5,285
2019-10-13,6,3,3,15,11,8,10,13,2019,4,6,286
2019-10-14,9,5,4,6,15,11,10,14,2019,4,0,287
2019-10-15,11,5,6,9,6,15,10,15,2019,4,1,288
2019-10-16,7,3,4,11,9,6,10,16,2019,4,2,289
2019-10-17,7,2,5,7,11,9,10,17,2019,4,3,290
2019-10-18,8,6,2,7,7,11,10,18,2019,4,4,291
2019-10-19,18,10,8,8,7,7,10,19,2019,4,5,292
2019-10-20,16,7,9,18,8,7,10,20,2019,4,6,293
2019-10-21,13,5,8,16,18,8,10,21,2019,4,0,294
2019-10-22,9,4,5,13,16,18,10,22,2019,4,1,295
2019-10-23,10,4,6,9,13,16,10,23,2019,4,2,296
2019-10-24,21,6,15,10,9,13,10,24,2019,4,3,297
2019-10-25,14,11,3,21,10,9,10,25,2019,4,4,298
2019-10-26,16,10,6,14,21,10,10,26,2019,4,5,299
2019-10-27,15,5,10,16,14,21,10,27,2019,4,6,300
2019-10-28,12,5,7,15,16,14,10,28,2019,4,0,301
2019-10-29,5,1,4,12,15,16,10,29,2019,4,1,302
2019-10-30,11,6,5,5,12,15,10,30,2019,4,2,303
2019-10-31,10,6,4,11,5,12,10,31,2019,4,3,304
2019-11-01,17,6,11,10,11,5,11,1,2019,4,4,305
2019-11-02,9,5,4,17,10,11,11,2,2019,4,5,306
2019-11-03,10,5,5,9,17,10,11,3,2019,4,6,307
2019-11-04,19,12,7,10,9,17,11,4,2019,4,0,308
2019-11-05,9,5,4,19,10,9,11,5,2019,4,1,309
2019-11-06,9,6,3,9,19,10,11,6,2019,4,2,310
2019-11-07,18,5,13,9,9,19,11,7,2019,4,3,311
2019-11-08,9,4,5,18,9,9,11,8,2019,4,4,312
2019-11-09,15,12,3,9,18,9,11,9,2019,4,5,313
2019-11-10,10,3,7,15,9,18,11,10,2019,4,6,314
2019-11-11,7,3,4,10,15,9,11,11,2019,4,0,315
2019-11-12,9,2,7,7,10,15,11,12,2019,4,1,316
2019-11-13,11,6,5,9,7,10,11,13,2019,4,2,317
2019-11-14,14,7,7,11,9,7,11,14,2019,4,3,318
2019-11-15,10,5,5,14,11,9,11,15,2019,4,4,319
2019-11-16,5,2,3,10,14,11,11,16,2019,4,5,320
2019-11-17,17,5,12,5,10,14,11,17,2019,4,6,321
2019-11-18,5,1,4,17,5,10,11,18,2019,4,0,322
2019-11-19,10,4,6,5,17,5,11,19,2019,4,1,323
2019-11-20,8,2,6,10,5,17,11,20,2019,4,2,324
2019-11-21,13,10,3,8,10,5,11,21,2019,4,3,325
2019-11-22,7,4,3,13,8,10,11,22,2019,4,4,326
2019-11-23,9,3,6,7,13,8,11,23,2019,4,5,327
2019-11-24,9,4,5,9,7,13,11,24,2019,4,6,328
2019-11-25,8,1,7,9,9,7,11,25,2019,4,0,329
2019-11-26,8,3,5,8,9,9,11,26,2019,4,1,330
2019-11-27,12,5,7,8,8,9,11,27,2019,4,2,331
2019-11-28,12,8,4,12,8,8,11,28,2019,4,3,332
2019-11-29,9,5,4,12,12,8,11,29,2019,4,4,333
2019-11-30,16,9,7,9,12,12,11,30,2019,4,5,334
2019-12-01,12,10,2,16,9,12,12,1,2019,4,6,335
2019-12-02,18,10,8,12,16,9,12,2,2019,4,0,336
2019-12-03,8,6,2,18,12,16,12,3,2019,4,1,337
2019-12-04,11,5,6,8,18,12,12,4,2019,4,2,338
2019-12-05,14,9,5,11,8,18,12,5,2019,4,3,339
2019-12-06,3,2,1,14,11,8,12,6,2019,4,4,340
2019-12-07,7,3,4,3,14,11,12,7,2019,4,5,341
2019-12-08,11,6,5,7,3,14,12,8,2019,4,6,342
2019-12-09,6,2,4,11,7,3,12,9,2019,4,0,343
2019-12-10,11,7,4,6,11,7,12,10,2019,4,1,344
2019-12-11,10,4,6,11,6,11,12,11,2019,4,2,345
2019-12-12,8,6,2,10,11,6,12,12,2019,4,3,346
2019-12-13,14,6,8,8,10,11,12,13,2019,4,4,347
2019-12-14,3,1,2,14,8,10,12,14,2019,4,5,348
2019-12-15,11,6,5,3,14,8,12,15,2019,4,6,349
2019-12-16,10,7,3,11,3,14,12,16,2019,4,0,350
2019-12-17,15,5,10,10,11,3,12,17,2019,4,1,351
2019-12-18,12,5,7,15,10,11,12,18,2019,4,2,352
2019-12-19,15,3,12,12,15,10,12,19,2019,4,3,353
2019-12-20,12,1,11,15,12,15,12,20,2019,4,4,354
2019-12-21,7,4,3,12,15,12,12,21,2019,4,5,355
2019-12-22,13,7,6,7,12,15,12,22,2019,4,6,356
2019-12-23,8,5,3,13,7,12,12,23,2019,4,0,357
2019-12-24,3,0,3,8,13,7,12,24,2019,4,1,358
2019-12-25,12,7,5,3,8,13,12,25,2019,4,2,359
2019-12-26,4,1,3,12,3,8,12,26,2019,4,3,360
2019-12-27,8,6,2,4,12,3,12,27,2019,4,4,361
2019-12-28,16,8,8,8,4,12,12,28,2019,4,5,362
2019-12-29,11,6,5,16,8,4,12,29,2019,4,6,363
2019-12-30,9,5,4,11,16,8,12,30,2019,4,0,364
2019-12-31,8,4,4,9,11,16,12,31,2019,4,1,365
2020-01-01,8,6,2,8,9,11,1,1,2020,1,2,1
2020-01-02,13,5,8,8,8,9,1,2,2020,1,3,2
2020-01-03,12,7,5,13,8,8,1,3,2020,1,4,3
2020-01-04,9,3,6,12,13,8,1,4,2020,1,5,4
2020-01-05,13,9,4,9,12,13,1,5,2020,1,6,5
2020-01-06,9,2,7,13,9,12,1,6,2020,1,0,6
2020-01-07,8,4,4,9,13,9,1,7,2020,1,1,7
2020-01-08,10,6,4,8,9,13,1,8,2020,1,2,8
2020-01-09,11,5,6,10,8,9,1,9,2020,1,3,9
2020-01-10,9,5,4,11,10,8,1,10,2020,1,4,10
2020-01-11,9,5,4,9,11,10,1,11,2020,1,5,11
2020-01-12,15,10,5,9,9,11,1,12,2020,1,6,12
2020-01-13,9,5,4,15,9,9,1,13,2020,1,0,13
2020-01-14,7,1,6,9,15,9,1,14,2020,1,1,14
2020-01-15,7,6,1,7,9,15,1,15,2020,1,2,15
2020-01-16,8,3,5,7,7,9,1,16,2020,1,3,16
2020-01-17,16,10,6,8,7,7,1,17,2020,1,4,17
2020-01-18,4,1,3,16,8,7,1,18,2020,1,5,18
2020-01-19,9,4,5,4,16,8,1,19,2020,1,6,19
2020-01-20,12,6,6,9,4,16,1,20,2020,1,0,20
2020-01-21,7,3,4,12,9,4,1,21,2020,1,1,21
2020-01-22,11,5,6,7,12,9,1,22,2020,1,2,22
2020-01-23,17,9,8,11,7,12,1,23,2020,1,3,23
2020-01-24,15,7,8,17,11,7,1,24,2020,1,4,24
2020-01-25,11,4,7,15,17,11,1,25,2020,1,5,25
2020-01-26,12,7,5,11,15,17,1,26,2020,1,6,26
2020-01-27,8,1,7,12,11,15,1,27,2020,1,0,27
2020-01-28,6,1,5,8,12,11,1,28,2020,1,1,28
2020-01-29,8,2,6,6,8,12,1,29,2020,1,2,29
2020-01-30,12,5,7,8,6,8,1,30,2020,1,3,30
2020-01-31,8,5,3,12,8,6,1,31,2020,1,4,31
2020-02-01,17,5,12,8,12,8,2,1,2020,1,5,32
2020-02-02,9,6,3,17,8,12,2,2,2020,1,6,33
2020-02-03,13,3,10,9,17,8,2,3,2020,1,0,34
2020-02-04,15,8,7,13,9,17,2,4,2020,1,1,35
2020-02-05,7,5,2,15,13,9,2,5,2020,1,2,36
2020-02-06,21,7,14,7,15,13,2,6,2020,1,3,37
2020-02-07,9,5,4,21,7,15,2,7,2020,1,4,38
2020-02-08,7,3,4,9,21,7,2,8,2020,1,5,39
2020-02-09,10,3,7,7,9,21,2,9,2020,1,6,40
2020-02-10,12,7,5,10,7,9,2,10,2020,1,0,41
2020-02-11,4,1,3,12,10,7,2,11,2020,1,1,42
2020-02-12,14,7,7,4,12,10,2,12,2020,1,2,43
2020-02-13,6,5,1,14,4,12,2,13,2020,1,3,44
2020-02-14,9,4,5,6,14,4,2,14,2020,1,4,45
2020-02-15,7,5,2,9,6,14,2,15,2020,1,5,46
2020-02-16,12,5,7,7,9,6,2,16,2020,1,6,47
2020-02-17,8,3,5,12,7,9,2,17,2020,1,0,48
2020-02-18,4,3,1,8,12,7,2,18,2020,1,1,49
2020-02-19,4,1,3,4,8,12,2,19,2020,1,2,50
2020-02-20,9,5,4,4,4,8,2,20,2020,1,3,51
2020-02-21,10,5,5,9,4,4,2,21,2020,1,4,52
2020-02-22,15,5,10,10,9,4,2,22,2020,1,5,53
2020-02-23,9,5,4,15,10,9,2,23,2020,1,6,54
2020-02-24,14,5,9,9,15,10,2,24,2020,1,0,55
2020-02-25,10,3,7,14,9,15,2,25,2020,1,1,56
2020-02-26,9,1,8,10,14,9,2,26,2020,1,2,57
2020-02-27,14,7,7,9,10,14,2,27,2020,1,3,58
2020-02-28,14,6,8,14,9,10,2,28,2020,1,4,59
2020-02-29,7,4,3,14,14,9,2,29,2020,1,5,60
2020-03-01,11,5,6,7,14,14,3,1,2020,1,6,61
2020-03-02,10,7,3,11,7,14,3,2,2020,1,0,62
2020-03-03,9,6,3,10,11,7,3,3,2020,1,1,63
2020-03-04,15,8,7,9,10,11,3,4,2020,1,2,64
2020-03-05,13,6,7,15,9,10,3,5,2020,1,3,65
2020-03-06,9,5,4,13,15,9,3,6,2020,1,4,66
2020-03-07,9,3,6,9,13,15,3,7,2020,1,5,67
2020-03-08,9,4,5,9,9,13,3,8,2020,1,6,68
2020-03-09,17,3,14,9,9,9,3,9,2020,1,0,69
2020-03-10,5,4,1,17,9,9,3,10,2020,1,1,70
2020-03-11,8,7,1,5,17,9,3,11,2020,1,2,71
2020-03-12,11,10,1,8,5,17,3,12,2020,1,3,72
2020-03-13,8,3,5,11,8,5,3,13,2020,1,4,73
2020-03-14,7,3,4,8,11,8,3,14,2020,1,5,74
2020-03-15,8,5,3,7,8,11,3,15,2020,1,6,75
2020-03-16,5,4,1,8,7,8,3,16,2020,1,0,76
2020-03-17,8,4,4,5,8,7,3,17,2020,1,1,77
2020-03-18,14,7,7,8,5,8,3,18,2020,1,2,78
2020-03-19,9,3,6,14,8,5,3,19,2020,1,3,79
2020-03-20,11,7,4,9,14,8,3,20,2020,1,4,80
2020-03-21,8,3,5,11,9,14,3,21,2020,1,5,81
2020-03-22,7,2,5,8,11,9,3,22,2020,1,6,82
2020-03-23,5,4,1,7,8,11,3,23,2020,1,0,83
2020-03-24,8,2,6,5,7,8,3,24,2020,1,1,84
2020-03-25,14,6,8,8,5,7,3,25,2020,1,2,85
2020-03-26,9,8,1,14,8,5,3,26,2020,1,3,86
2020-03-27,4,2,2,9,14,8,3,27,2020,1,4,87
2020-03-28,15,12,3,4,9,14,3,28,2020,1,5,88
2020-03-29,15,9,6,15,4,9,3,29,2020,1,6,89
2020-03-30,14,3,11,15,15,4,3,30,2020,1,0,90
2020-03-31,12,5,7,14,15,15,3,31,2020,1,1,91
2020-04-01,8,4,4,12,14,15,4,1,2020,2,2,92
2020-04-02,5,4,1,8,12,14,4,2,2020,2,3,93
2020-04-03,16,6,10,5,8,12,4,3,2020,2,4,94
2020-04-04,9,4,5,16,5,8,4,4,2020,2,5,95
2020-04-05,9,5,4,9,16,5,4,5,2020,2,6,96
2020-04-06,14,3,11,9,9,16,4,6,2020,2,0,97
2020-04-07,17,11,6,14,9,9,4,7,2020,2,1,98
2020-04-08,8,5,3,17,14,9,4,8,2020,2,2,99
2020-04-09,12,11,1,8,17,14,4,9,2020,2,3,100
2020-04-10,10,5,5,12,8,17,4,10,2020,2,4,101
2020-04-11,10,6,4,10,12,8,4,11,2020,2,5,102
2020-04-12,11,6,5,10,10,12,4,12,2020,2,6,103
2020-04-13,7,3,4,11,10,10,4,13,2020,2,0,104
2020-04-14,13,4,9,7,11,10,4,14,2020,2,1,105
2020-04-15,10,8,2,13,7,11,4,15,2020,2,2,106
2020-04-16,10,5,5,10,13,7,4,16,2020,2,3,107
2020-04-17,8,3,5,10,10,13,4,17,2020,2,4,108
2020-04-18,6,4,2,8,10,10,4,18,2020,2,5,109
2020-04-19,13,6,7,6,8,10,4,19,2020,2,6,110
2020-04-20,15,5,10,13,6,8,4,20,2020,2,0,111
2020-04-21,10,8,2,15,13,6,4,21,2020,2,1,112
2020-04-22,5,0,5,10,15,13,4,22,2020,2,2,113
2020-04-23,13,5,8,5,10,15,4,23,2020,2,3,114
2020-04-24,12,9,3,13,5,10,4,24,2020,2,4,115
2020-04-25,11,6,5,12,13,5,4,25,2020,2,5,116
2020-04-26,12,4,8,11,12,13,4,26,2020,2,6,117
2020-04-27,4,4,0,12,11,12,4,27,2020,2,0,118
2020-04-28,9,6,3,4,12,11,4,28,2020,2,1,119
2020-04-29,13,11,2,9,4,12,4,29,2020,2,2,120
2020-04-30,8,4,4,13,9,4,4,30,2020,2,3,121
2020-05-01,8,5,3,8,13,9,5,1,2020,2,4,122
2020-05-02,13,6,7,8,8,13,5,2,2020,2,5,123
2020-05-03,11,6,5,13,8,8,5,3,2020,2,6,124
2020-05-04,6,3,3,11,13,8,5,4,2020,2,0,125
2020-05-05,8,2,6,6,11,13,5,5,2020,2,1,126
2020-05-06,15,8,7,8,6,11,5,6,2020,2,2,127
2020-05-07,9,1,8,15,8,6,5,7,2020,2,3,128
2020-05-08,11,6,5,9,15,8,5,8,2020,2,4,129
2020-05-09,11,4,7,11,9,15,5,9,2020,2,5,130
2020-05-10,6,3,3,11,11,9,5,10,2020,2,6,131
2020-05-11,12,6,6,6,11,11,5,11,2020,2,0,132
2020-05-12,10,0,10,12,6,11,5,12,2020,2,1,133
2020-05-13,11,6,5,10,12,6,5,13,2020,2,2,134
2020-05-14,11,3,8,11,10,12,5,14,2020,2,3,135
2020-05-15,14,6,8,11,11,10,5,15,2020,2,4,136
2020-05-16,11,5,6,14,11,11,5,16,2020,2,5,137
2020-05-17,8,4,4,11,14,11,5,17,2020,2,6,138
2020-05-18,5,2,3,8,11,14,5,18,2020,2,0,139
2020-05-19,15,6,9,5,8,11,5,19,2020,2,1,140
2020-05-20,4,0,4,15,5,8,5,20,2020,2,2,141
2020-05-21,17,8,9,4,15,5,5,21,2020,2,3,142
2020-05-22,10,3,7,17,4,15,5,22,2020,2,4,143
2020-05-23,10,6,4,10,17,4,5,23,2020,2,5,144
2020-05-24,8,2,6,10,10,17,5,24,2020,2,6,145
2020-05-25,14,8,6,8,10,10,5,25,2020,2,0,146
2020-05-26,11,4,7,14,8,10,5,26,2020,2,1,147
2020-05-27,18,12,6,11,14,8,5,27,2020,2,2,148
2020-05-28,7,2,5,18,11,14,5,28,2020,2,3,149
2020-05-29,6,3,3,7,18,11,5,29,2020,2,4,150
2020-05-30,20,9,11,6,7,18,5,30,2020,2,5,151
2020-05-31,5,2,3,20,6,7,5,31,2020,2,6,152
2020-06-01,11,9,2,5,20,6,6,1,2020,2,0,153
2020-06-02,17,7,10,11,5,20,6,2,2020,2,1,154
2020-06-03,11,5,6,17,11,5,6,3,2020,2,2,155
2020-06-04,10,5,5,11,17,11,6,4,2020,2,3,156
2020-06-05,7,2,5,10,11,17,6,5,2020,2,4,157
2020-06-06,11,6,5,7,10,11,6,6,2020,2,5,158
2020-06-07,14,5,9,11,7,10,6,7,2020,2,6,159
2020-06-08,9,3,6,14,11,7,6,8,2020,2,0,160
2020-06-09,7,3,4,9,14,11,6,9,2020,2,1,161
2020-06-10,12,7,5,7,9,14,6,10,2020,2,2,162
2020-06-11,11,6,5,12,7,9,6,11,2020,2,3,163
2020-06-12,6,6,0,11,12,7,6,12,2020,2,4,164
2020-06-13,8,2,6,6,11,12,6,13,2020,2,5,165
2020-06-14,12,6,6,8,6,11,6,14,2020,2,6,166
2020-06-15,11,5,6,12,8,6,6,15,2020,2,0,167
2020-06-16,12,4,8,11,12,8,6,16,2020,2,1,168
2020-06-17,5,1,4,12,11,12,6,17,2020,2,2,169
2020-06-18,8,4,4,5,12,11,6,18,2020,2,3,170
2020-06-19,9,2,7,8,5,12,6,19,2020,2,4,171
2020-06-20,6,3,3,9,8,5,6,20,2020,2,5,172
2020-06-21,9,2,7,6,9,8,6,21,2020,2,6,173
2020-06-22,11,5,6,9,6,9,6,22,2020,2,0,174
2020-06-23,12,8,4,11,9,6,6,23,2020,2,1,175
2020-06-24,8,3,5,12,11,9,6,24,2020,2,2,176
2020-06-25,9,4,5,8,12,11,6,25,2020,2,3,177
2020-06-26,7,4,3,9,8,12,6,26,2020,2,4,178
2020-06-27,13,4,9,7,9,8,6,27,2020,2,5,179
2020-06-28,11,5,6,13,7,9,6,28,2020,2,6,180
2020-06-29,9,6,3,11,13,7,6,29,2020,2,0,181
2020-06-30,12,9,3,9,11,13,6,30,2020,2,1,182
2020-07-01,11,7,4,12,9,11,7,1,2020,3,2,183
2020-07-02,12,3,9,11,12,9,7,2,2020,3,3,184
2020-07-03,6,4,2,12,11,12,7,3,2020,3,4,185
2020-07-04,7,2,5,6,12,11,7,4,2020,3,5,186
2020-07-05,11,8,3,7,6,12,7,5,2020,3,6,187
2020-07-06,9,4,5,11,7,6,7,6,2020,3,0,188
2020-07-07,10,5,5,9,11,7,7,7,2020,3,1,189
2020-07-08,4,4,0,10,9,11,7,8,2020,3,2,190
2020-07-09,13,7,6,4,10,9,7,9,2020,3,3,191
2020-07-10,19,6,13,13,4,10,7,10,2020,3,4,192
2020-07-11,13,5,8,19,13,4,7,11,2020,3,5,193
2020-07-12,10,6,4,13,19,13,7,12,2020,3,6,194
2020-07-13,7,4,3,10,13,19,7,13,2020,3,0,195
2020-07-14,7,3,4,7,10,13,7,14,2020,3,1,196
2020-07-15,10,3,7,7,7,10,7,15,2020,3,2,197
2020-07-16,12,6,6,10,7,7,7,16,2020,3,3,198
2020-07-17,7,5,2,12,10,7,7,17,2020,3,4,199
2020-07-18,14,9,5,7,12,10,7,18,2020,3,5,200
2020-07-19,10,6,4,14,7,12,7,19,2020,3,6,201
2020-07-20,15,7,8,10,14,7,7,20,2020,3,0,202
2020-07-21,10,6,4,15,10,14,7,21,2020,3,1,203
2020-07-22,8,3,5,10,15,10,7,22,2020,3,2,204
2020-07-23,12,8,4,8,10,15,7,23,2020,3,3,205
2020-07-24,8,2,6,12,8,10,7,24,2020,3,4,206
2020-07-25,11,5,6,8,12,8,7,25,2020,3,5,207
2020-07-26,9,3,6,11,8,12,7,26,2020,3,6,208
2020-07-27,11,4,7,9,11,8,7,27,2020,3,0,209
2020-07-28,14,8,6,11,9,11,7,28,2020,3,1,210
2020-07-29,14,8,6,14,11,9,7,29,2020,3,2,211
2020-07-30,6,5,1,14,14,11,7,30,2020,3,3,212
2020-07-31,7,5,2,6,14,14,7,31,2020,3,4,213
2020-08-01,10,8,2,7,6,14,8,1,2020,3,5,214
2020-08-02,9,2,7,10,7,6,8,2,2020,3,6,215
2020-08-03,17,11,6,9,10,7,8,3,2020,3,0,216
2020-08-04,9,4,5,17,9,10,8,4,2020,3,1,217
2020-08-05,16,6,10,9,17,9,8,5,2020,3,2,218
2020-08-06,9,4,5,16,9,17,8,6,2020,3,3,219
2020-08-07,10,2,8,9,16,9,8,7,2020,3,4,220
2020-08-08,13,6,7,10,9,16,8,8,2020,3,5,221
2020-08-09,12,9,3,13,10,9,8,9,2020,3,6,222
2020-08-10,14,6,8,12,13,10,8,10,2020,3,0,223
2020-08-11,12,9,3,14,12,13,8,11,2020,3,1,224
2020-08-12,11,4,7,12,14,12,8,12,2020,3,2,225
2020-08-13,16,11,5,11,12,14,8,13,2020,3,3,226
2020-08-14,14,7,7,16,11,12,8,14,2020,3,4,227
2020-08-15,9,5,4,14,16,11,8,15,2020,3,5,228
2020-08-16,13,10,3,9,14,16,8,16,2020,3,6,229
2020-08-17,3,1,2,13,9,14,8,17,2020,3,0,230
2020-08-18,13,9,4,3,13,9,8,18,2020,3,1,231
2020-08-19,11,6,5,13,3,13,8,19,2020,3,2,232
2020-08-20,13,6,7,11,13,3,8,20,2020,3,3,233
2020-08-21,14,6,8,13,11,13,8,21,2020,3,4,234
2020-08-22,9,4,5,14,13,11,8,22,2020,3,5,235
2020-08-23,10,6,4,9,14,13,8,23,2020,3,6,236
2020-08-24,12,4,8,10,9,14,8,24,2020,3,0,237
2020-08-25,5,5,0,12,10,9,8,25,2020,3,1,238
2020-08-26,8,4,4,5,12,10,8,26,2020,3,2,239
2020-08-27,11,8,3,8,5,12,8,27,2020,3,3,240
2020-08-28,11,6,5,11,8,5,8,28,2020,3,4,241
2020-08-29,7,3,4,11,11,8,8,29,2020,3,5,242
2020-08-30,6,4,2,7,11,11,8,30,2020,3,6,243
2020-08-31,12,4,8,6,7,11,8,31,2020,3,0,244
2020-09-01,11,6,5,12,6,7,9,1,2020,3,1,245
2020-09-02,12,6,6,11,12,6,9,2,2020,3,2,246
2020-09-03,19,14,5,12,11,12,9,3,2020,3,3,247
2020-09-04,6,3,3,19,12,11,9,4,2020,3,4,248
2020-09-05,15,13,2,6,19,12,9,5,2020,3,5,249
2020-09-06,9,5,4,15,6,19,9,6,2020,3,6,250
2020-09-07,8,2,6,9,15,6,9,7,2020,3,0,251
2020-09-08,10,5,5,8,9,15,9,8,2020,3,1,252
2020-09-09,14,9,5,10,8,9,9,9,2020,3,2,253
2020-09-10,11,7,4,14,10,8,9,10,2020,3,3,254
2020-09-11,8,6,2,11,14,10,9,11,2020,3,4,255
2020-09-12,7,2,5,8,11,14,9,12,2020,3,5,256
2020-09-13,11,5,6,7,8,11,9,13,2020,3,6,257
2020-09-14,7,6,1,11,7,8,9,14,2020,3,0,258
2020-09-15,7,5,2,7,11,7,9,15,2020,3,1,259
2020-09-16,8,3,5,7,7,11,9,16,2020,3,2,260
2020-09-17,6,3,3,8,7,7,9,17,2020,3,3,261
2020-09-18,12,6,6,6,8,7,9,18,2020,3,4,262
2020-09-19,5,4,1,12,6,8,9,19,2020,3,5,263
2020-09-20,3,1,2,5,12,6,9,20,2020,3,6,264
2020-09-21,9,4,5,3,5,12,9,21,2020,3,0,265
2020-09-22,13,6,7,9,3,5,9,22,2020,3,1,266
2020-09-23,12,5,7,13,9,3,9,23,2020,3,2,267
2020-09-24,13,4,9,12,13,9,9,24,2020,3,3,268
2020-09-25,11,5,6,13,12,13,9,25,2020,3,4,269
2020-09-26,8,5,3,11,13,12,9,26,2020,3,5,270
2020-09-27,11,6,5,8,11,13,9,27,2020,3,6,271
2020-09-28,3,1,2,11,8,11,9,28,2020,3,0,272
2020-09-29,10,2,8,3,11,8,9,29,2020,3,1,273
2020-09-30,10,6,4,10,3,11,9,30,2020,3,2,274
2020-10-01,6,5,1,10,10,3,10,1,2020,4,3,275
2020-10-02,7,5,2,6,10,10,10,2,2020,4,4,276
2020-10-03,8,6,2,7,6,10,10,3,2020,4,5,277
2020-10-04,8,2,6,8,7,6,10,4,2020,4,6,278
2020-10-05,12,5,7,8,8,7,10,5,2020,4,0,279
2020-10-06,15,8,7,12,8,8,10,6,2020,4,1,280
2020-10-07,13,4,9,15,12,8,10,7,2020,4,2,281
2020-10-08,9,2,7,13,15,12,10,8,2020,4,3,282
2020-10-09,13,7,6,9,13,15,10,9,2020,4,4,283
2020-10-10,11,5,6,13,9,13,10,10,2020,4,5,284
2020-10-11,12,9,3,11,13,9,10,11,2020,4,6,285
2020-10-12,10,3,7,12,11,13,10,12,2020,4,0,286
2020-10-13,15,7,8,10,12,11,10,13,2020,4,1,287
2020-10-14,13,9,4,15,10,12,10,14,2020,4,2,288
2020-10-15,11,7,4,13,15,10,10,15,2020,4,3,289
2020-10-16,9,4,5,11,13,15,10,16,2020,4,4,290
2020-10-17,13,12,1,9,11,13,10,17,2020,4,5,291
2020-10-18,13,4,9,13,9,11,10,18,2020,4,6,292
2020-10-19,10,6,4,13,13,9,10,19,2020,4,0,293
2020-10-20,6,3,3,10,13,13,10,20,2020,4,1,294
2020-10-21,10,8,2,6,10,13,10,21,2020,4,2,295
2020-10-22,17,10,7,10,6,10,10,22,2020,4,3,296
2020-10-23,12,8,4,17,10,6,10,23,2020,4,4,297
2020-10-24,8,5,3,12,17,10,10,24,2020,4,5,298
2020-10-25,7,5,2,8,12,17,10,25,2020,4,6,299
2020-10-26,11,7,4,7,8,12,10,26,2020,4,0,300
2020-10-27,13,3,10,11,7,8,10,27,2020,4,1,301
2020-10-28,7,1,6,13,11,7,10,28,2020,4,2,302
2020-10-29,9,4,5,7,13,11,10,29,2020,4,3,303
2020-10-30,11,3,8,9,7,13,10,30,2020,4,4,304
2020-10-31,8,4,4,11,9,7,10,31,2020,4,5,305
2020-11-01,12,3,9,8,11,9,11,1,2020,4,6,306
2020-11-02,7,3,4,12,8,11,11,2,2020,4,0,307
2020-11-03,12,5,7,7,12,8,11,3,2020,4,1,308
2020-11-04,6,4,2,12,7,12,11,4,2020,4,2,309
2020-11-05,8,6,2,6,12,7,11,5,2020,4,3,310
2020-11-06,12,5,7,8,6,12,11,6,2020,4,4,311
2020-11-07,3,2,1,12,8,6,11,7,2020,4,5,312
2020-11-08,8,3,5,3,12,8,11,8,2020,4,6,313
2020-11-09,10,3,7,8,3,12,11,9,2020,4,0,314
2020-11-10,9,2,7,10,8,3,11,10,2020,4,1,315
2020-11-11,10,7,3,9,10,8,11,11,2020,4,2,316
2020-11-12,7,3,4,10,9,10,11,12,2020,4,3,317
2020-11-13,13,6,7,7,10,9,11,13,2020,4,4,318
2020-11-14,13,4,9,13,7,10,11,14,2020,4,5,319
2020-11-15,4,3,1,13,13,7,11,15,2020,4,6,320
2020-11-16,13,5,8,4,13,13,11,16,2020,4,0,321
2020-11-17,7,3,4,13,4,13,11,17,2020,4,1,322
2020-11-18,8,5,3,7,13,4,11,18,2020,4,2,323
2020-11-19,14,7,7,8,7,13,11,19,2020,4,3,324
2020-11-20,9,4,5,14,8,7,11,20,2020,4,4,325
2020-11-21,4,0,4,9,14,8,11,21,2020,4,5,326
2020-11-22,14,7,7,4,9,14,11,22,2020,4,6,327
2020-11-23,8,1,7,14,4,9,11,23,2020,4,0,328
2020-11-24,11,3,8,8,14,4,11,24,2020,4,1,329
2020-11-25,12,6,6,11,8,14,11,25,2020,4,2,330
2020-11-26,5,4,1,12,11,8,11,26,2020,4,3,331
2020-11-27,11,6,5,5,12,11,11,27,2020,4,4,332
2020-11-28,10,8,2,11,5,12,11,28,2020,4,5,333
2020-11-29,13,6,7,10,11,5,11,29,2020,4,6,334
2020-11-30,9,2,7,13,10,11,11,30,2020,4,0,335
2020-12-01,5,5,0,9,13,10,12,1,2020,4,1,336
2020-12-02,8,7,1,5,9,13,12,2,2020,4,2,337
2020-12-03,13,4,9,8,5,9,12,3,2020,4,3,338
2020-12-04,8,6,2,13,8,5,12,4,2020,4,4,339
2020-12-05,9,5,4,8,13,8,12,5,2020,4,5,340
2020-12-06,12,5,7,9,8,13,12,6,2020,4,6,341
2020-12-07,14,9,5,12,9,8,12,7,2020,4,0,342
2020-12-08,8,6,2,14,12,9,12,8,2020,4,1,343
2020-12-09,8,4,4,8,14,12,12,9,2020,4,2,344
2020-12-10,8,4,4,8,8,14,12,10,2020,4,3,345
2020-12-11,12,6,6,8,8,8,12,11,2020,4,4,346
2020-12-12,8,5,3,12,8,8,12,12,2020,4,5,347
2020-12-13,7,5,2,8,12,8,12,13,2020,4,6,348
2020-12-14,10,5,5,7,8,12,12,14,2020,4,0,349
2020-12-15,10,4,6,10,7,8,12,15,2020,4,1,350
2020-12-16,9,4,5,10,10,7,12,16,2020,4,2,351
2020-12-17,8,4,4,9,10,10,12,17,2020,4,3,352
2020-12-18,9,2,7,8,9,10,12,18,2020,4,4,353
2020-12-19,8,2,6,9,8,9,12,19,2020,4,5,354
2020-12-20,11,5,6,8,9,8,12,20,2020,4,6,355
2020-12-21,9,7,2,11,8,9,12,21,2020,4,0,356
2020-12-22,17,10,7,9,11,8,12,22,2020,4,1,357
2020-12-23,11,4,7,17,9,11,12,23,2020,4,2,358
2020-12-24,7,1,6,11,17,9,12,24,2020,4,3,359
2020-12-25,8,4,4,7,11,17,12,25,2020,4,4,360
2020-12-26,15,7,8,8,7,11,12,26,2020,4,5,361
2020-12-27,7,1,6,15,8,7,12,27,2020,4,6,362
2020-12-28,9,6,3,7,15,8,12,28,2020,4,0,363
2020-12-29,11,3,8,9,7,15,12,29,2020,4,1,364
2020-12-30,7,5,2,11,9,7,12,30,2020,4,2,365
2020-12-31,8,3,5,7,11,9,12,31,2020,4,3,366
2021-01-01,16,8,8,8,7,11,1,1,2021,1,4,1
2021-01-02,7,5,2,16,8,7,1,2,2021,1,5,2
2021-01-03,9,4,5,7,16,8,1,3,2021,1,6,3
2021-01-04,6,3,3,9,7,16,1,4,2021,1,0,4
2021-01-05,9,4,5,6,9,7,1,5,2021,1,1,5
2021-01-06,11,2,9,9,6,9,1,6,2021,1,2,6
2021-01-07,10,8,2,11,9,6,1,7,2021,1,3,7
2021-01-08,6,2,4,10,11,9,1,8,2021,1,4,8
2021-01-09,10,6,4,6,10,11,1,9,2021,1,5,9
2021-01-10,7,3,4,10,6,10,1,10,2021,1,6,10
2021-01-11,16,6,10,7,10,6,1,11,2021,1,0,11
2021-01-12,8,6,2,16,7,10,1,12,2021,1,1,12
2021-01-13,6,2,4,8,16,7,1,13,2021,1,2,13
2021-01-14,10,6,4,6,8,16,1,14,2021,1,3,14
2021-01-15,13,8,5,10,6,8,1,15,2021,1,4,15
2021-01-16,10,7,3,13,10,6,1,16,2021,1,5,16
2021-01-17,9,5,4,10,13,10,1,17,2021,1,6,17
2021-01-18,11,5,6,9,10,13,1,18,2021,1,0,18
2021-01-19,13,6,7,11,9,10,1,19,2021,1,1,19
2021-01-20,12,5,7,13,11,9,1,20,2021,1,2,20
2021-01-21,6,3,3,12,13,11,1,21,2021,1,3,21
2021-01-22,12,9,3,6,12,13,1,22,2021,1,4,22
2021-01-23,6,6,0,12,6,12,1,23,2021,1,5,23
2021-01-24,8,3,5,6,12,6,1,24,2021,1,6,24
2021-01-25,5,2,3,8,6,12,1,25,2021,1,0,25
2021-01-26,14,9,5,5,8,6,1,26,2021,1,1,26
2021-01-27,10,6,4,14,5,8,1,27,2021,1,2,27
2021-01-28,14,4,10,10,14,5,1,28,2021,1,3,28
2021-01-29,6,3,3,14,10,14,1,29,2021,1,4,29
2021-01-30,9,5,4,6,14,10,1,30,2021,1,5,30
2021-01-31,11,4,7,9,6,14,1,31,2021,1,6,31
2021-02-01,13,4,9,11,9,6,2,1,2021,1,0,32
2021-02-02,10,9,1,13,11,9,2,2,2021,1,1,33
2021-02-03,9,7,2,10,13,11,2,3,2021,1,2,34
2021-02-04,7,5,2,9,10,13,2,4,2021,1,3,35
2021-02-05,9,5,4,7,9,10,2,5,2021,1,4,36
2021-02-06,4,1,3,9,7,9,2,6,2021,1,5,37
2021-02-07,14,7,7,4,9,7,2,7,2021,1,6,38
2021-02-08,21,11,10,14,4,9,2,8,2021,1,0,39
2021-02-09,12,3,9,21,14,4,2,9,2021,1,1,40
2021-02-10,9,3,6,12,21,14,2,10,2021,1,2,41
2021-02-11,9,4,5,9,12,21,2,11,2021,1,3,42
2021-02-12,11,5,6,9,9,12,2,12,2021,1,4,43
2021-02-13,15,6,9,11,9,9,2,13,2021,1,5,44
2021-02-14,12,8,4,15,11,9,2,14,2021,1,6,45
2021-02-15,11,3,8,12,15,11,2,15,2021,1,0,46
2021-02-16,11,3,8,11,12,15,2,16,2021,1,1,47
2021-02-17,9,3,6,11,11,12,2,17,2021,1,2,48
2021-02-18,9,5,4,9,11,11,2,18,2021,1,3,49
2021-02-19,9,3,6,9,9,11,2,19,2021,1,4,50
2021-02-20,11,6,5,9,9,9,2,20,2021,1,5,51
2021-02-21,15,3,12,11,9,9,2,21,2021,1,6,52
2021-02-22,14,5,9,15,11,9,2,22,2021,1,0,53
2021-02-23,4,4,0,14,15,11,2,23,2021,1,1,54
2021-02-24,15,7,8,4,14,15,2,24,2021,1,2,55
2021-02-25,8,5,3,15,4,14,2,25,2021,1,3,56
2021-02-26,13,12,1,8,15,4,2,26,2021,1,4,57
2021-02-27,11,7,4,13,8,15,2,27,2021,1,5,58
2021-02-28,10,6,4,11,13,8,2,28,2021,1,6,59
2021-03-01,8,2,6,10,11,13,3,1,2021,1,0,60
2021-03-02,13,5,8,8,10,11,3,2,2021,1,1,61
2021-03-03,14,7,7,13,8,10,3,3,2021,1,2,62
2021-03-04,16,10,6,14,13,8,3,4,2021,1,3,63
2021-03-05,10,5,5,16,14,13,3,5,2021,1,4,64
2021-03-06,7,3,4,10,16,14,3,6,2021,1,5,65
2021-03-07,10,8,2,7,10,16,3,7,2021,1,6,66
2021-03-08,7,5,2,10,7,10,3,8,2021,1,0,67
2021-03-09,14,8,6,7,10,7,3,9,2021,1,1,68
2021-03-10,9,9,0,14,7,10,3,10,2021,1,2,69
2021-03-11,10,8,2,9,14,7,3,11,2021,1,3,70
2021-03-12,10,2,8,10,9,14,3,12,2021,1,4,71
2021-03-13,10,5,5,10,10,9,3,13,2021,1,5,72
2021-03-14,5,2,3,10,10,10,3,14,2021,1,6,73
2021-03-15,6,2,4,5,10,10,3,15,2021,1,0,74
2021-03-16,13,5,8,6,5,10,3,16,2021,1,1,75
2021-03-17,10,6,4,13,6,5,3,17,2021,1,2,76
2021-03-18,9,5,4,10,13,6,3,18,2021,1,3,77
2021-03-19,9,5,4,9,10,13,3,19,2021,1,4,78
2021-03-20,10,3,7,9,9,10,3,20,2021,1,5,79
2021-03-21,10,6,4,10,9,9,3,21,2021,1,6,80
2021-03-22,8,3,5,10,10,9,3,22,2021,1,0,81
2021-03-23,11,7,4,8,10,10,3,23,2021,1,1,82
2021-03-24,17,11,6,11,8,10,3,24,2021,1,2,83
2021-03-25,8,1,7,17,11,8,3,25,2021,1,3,84
2021-03-26,7,3,4,8,17,11,3,26,2021,1,4,85
2021-03-27,10,4,6,7,8,17,3,27,2021,1,5,86
2021-03-28,11,7,4,10,7,8,3,28,2021,1,6,87
2021-03-29,7,3,4,11,10,7,3,29,2021,1,0,88
2021-03-30,14,5,9,7,11,10,3,30,2021,1,1,89
2021-03-31,12,6,6,14,7,11,3,31,2021,1,2,90
2021-04-01,6,4,2,12,14,7,4,1,2021,2,3,91
2021-04-02,9,3,6,6,12,14,4,2,2021,2,4,92
2021-04-03,9,3,6,9,6,12,4,3,2021,2,5,93
2021-04-04,8,5,3,9,9,6,4,4,2021,2,6,94
2021-04-05,11,5,6,8,9,9,4,5,2021,2,0,95
2021-04-06,13,7,6,11,8,9,4,6,2021,2,1,96
2021-04-07,10,6,4,13,11,8,4,7,2021,2,2,97
2021-04-08,9,7,2,10,13,11,4,8,2021,2,3,98
2021-04-09,7,3,4,9,10,13,4,9,2021,2,4,99
2021-04-10,8,4,4,7,9,10,4,10,2021,2,5,100
2021-04-11,10,6,4,8,7,9,4,11,2021,2,6,101
2021-04-12,8,5,3,10,8,7,4,12,2021,2,0,102
2021-04-13,5,2,3,8,10,8,4,13,2021,2,1,103
2021-04-14,12,6,6,5,8,10,4,14,2021,2,2,104
2021-04-15,14,5,9,12,5,8,4,15,2021,2,3,105
2021-04-16,9,5,4,14,12,5,4,16,2021,2,4,106
2021-04-17,11,3,8,9,14,12,4,17,2021,2,5,107
2021-04-18,12,6,6,11,9,14,4,18,2021,2,6,108
2021-04-19,11,5,6,12,11,9,4,19,2021,2,0,109
2021-04-20,11,7,4,11,12,11,4,20,2021,2,1,110
2021-04-21,14,9,5,11,11,12,4,21,2021,2,2,111
2021-04-22,12,3,9,14,11,11,4,22,2021,2,3,112
2021-04-23,7,2,5,12,14,11,4,23,2021,2,4,113
2021-04-24,12,5,7,7,12,14,4,24,2021,2,5,114
2021-04-25,12,5,7,12,7,12,4,25,2021,2,6,115
2021-04-26,12,4,8,12,12,7,4,26,2021,2,0,116
2021-04-27,13,6,7,12,12,12,4,27,2021,2,1,117
2021-04-28,10,8,2,13,12,12,4,28,2021,2,2,118
2021-04-29,8,4,4,10,13,12,4,29,2021,2,3,119
2021-04-30,12,8,4,8,10,13,4,30,2021,2,4,120
2021-05-01,5,1,4,12,8,10,5,1,2021,2,5,121
2021-05-02,4,2,2,5,12,8,5,2,2021,2,6,122
2021-05-03,15,6,9,4,5,12,5,3,2021,2,0,123
2021-05-04,9,5,4,15,4,5,5,4,2021,2,1,124
2021-05-05,12,7,5,9,15,4,5,5,2021,2,2,125
2021-05-06,11,4,7,12,9,15,5,6,2021,2,3,126
2021-05-07,8,4,4,11,12,9,5,7,2021,2,4,127
2021-05-08,9,2,7,8,11,12,5,8,2021,2,5,128
2021-05-09,5,2,3,9,8,11,5,9,2021,2,6,129
2021-05-10,8,6,2,5,9,8,5,10,2021,2,0,130
2021-05-11,14,6,8,8,5,9,5,11,2021,2,1,131
2021-05-12,12,6,6,14,8,5,5,12,2021,2,2,132
2021-05-13,13,5,8,12,14,8,5,13,2021,2,3,133
2021-05-14,8,2,6,13,12,14,5,14,2021,2,4,134
2021-05-15,7,4,3,8,13,12,5,15,2021,2,5,135
2021-05-16,15,6,9,7,8,13,5,16,2021,2,6,136
2021-05-17,13,7,6,15,7,8,5,17,2021,2,0,137
2021-05-18,12,7,5,13,15,7,5,18,2021,2,1,138
2021-05-19,4,3,1,12,13,15,5,19,2021,2,2,139
2021-05-20,15,11,4,4,12,13,5,20,2021,2,3,140
2021-05-21,15,6,9,15,4,12,5,21,2021,2,4,141
2021-05-22,9,6,3,15,15,4,5,22,2021,2,5,142
2021-05-23,12,7,5,9,15,15,5,23,2021,2,6,143
2021-05-24,11,8,3,12,9,15,5,24,2021,2,0,144
2021-05-25,11,6,5,11,12,9,5,25,2021,2,1,145
2021-05-26,12,5,7,11,11,12,5,26,2021,2,2,146
2021-05-27,10,5,5,12,11,11,5,27,2021,2,3,147
2021-05-28,12,7,5,10,12,11,5,28,2021,2,4,148
2021-05-29,7,3,4,12,10,12,5,29,2021,2,5,149
2021-05-30,11,8,3,7,12,10,5,30,2021,2,6,150
2021-05-31,6,1,5,11,7,12,5,31,2021,2,0,151
2021-06-01,9,5,4,6,11,7,6,1,2021,2,1,152
2021-06-02,11,5,6,9,6,11,6,2,2021,2,2,153
2021-06-03,6,3,3,11,9,6,6,3,2021,2,3,154
2021-06-04,9,4,5,6,11,9,6,4,2021,2,4,155
2021-06-05,13,5,8,9,6,11,6,5,2021,2,5,156
2021-06-06,10,5,5,13,9,6,6,6,2021,2,6,157
2021-06-07,16,9,7,10,13,9,6,7,2021,2,0,158
2021-06-08,10,4,6,16,10,13,6,8,2021,2,1,159
2021-06-09,10,5,5,10,16,10,6,9,2021,2,2,160
2021-06-10,9,6,3,10,10,16,6,10,2021,2,3,161
2021-06-11,9,4,5,9,10,10,6,11,2021,2,4,162
2021-06-12,11,5,6,9,9,10,6,12,2021,2,5,163
2021-06-13,7,1,6,11,9,9,6,13,2021,2,6,164
2021-06-14,10,7,3,7,11,9,6,14,2021,2,0,165
2021-06-15,14,6,8,10,7,11,6,15,2021,2,1,166
2021-06-16,10,6,4,14,10,7,6,16,2021,2,2,167
2021-06-17,2,1,1,10,14,10,6,17,2021,2,3,168
2021-06-18,11,1,10,2,10,14,6,18,2021,2,4,169
2021-06-19,15,7,8,11,2,10,6,19,2021,2,5,170
2021-06-20,12,5,7,15,11,2,6,20,2021,2,6,171
2021-06-21,10,5,5,12,15,11,6,21,2021,2,0,172
2021-06-22,7,5,2,10,12,15,6,22,2021,2,1,173
2021-06-23,10,3,7,7,10,12,6,23,2021,2,2,174
2021-06-24,6,2,4,10,7,10,6,24,2021,2,3,175
2021-06-25,10,5,5,6,10,7,6,25,2021,2,4,176
2021-06-26,11,5,6,10,6,10,6,26,2021,2,5,177
2021-06-27,6,1,5,11,10,6,6,27,2021,2,6,178
2021-06-28,15,4,11,6,11,10,6,28,2021,2,0,179
2021-06-29,9,3,6,15,6,11,6,29,2021,2,1,180
2021-06-30,7,1,6,9,15,6,6,30,2021,2,2,181
2021-07-01,10,5,5,7,9,15,7,1,2021,3,3,182
2021-07-02,13,10,3,10,7,9,7,2,2021,3,4,183
2021-07-03,7,4,3,13,10,7,7,3,2021,3,5,184
2021-07-04,6,4,2,7,13,10,7,4,2021,3,6,185
2021-07-05,15,7,8,6,7,13,7,5,2021,3,0,186
2021-07-06,9,5,4,15,6,7,7,6,2021,3,1,187
2021-07-07,14,9,5,9,15,6,7,7,2021,3,2,188
2021-07-08,9,5,4,14,9,15,7,8,2021,3,3,189
2021-07-09,19,12,7,9,14,9,7,9,2021,3,4,190
2021-07-10,15,4,11,19,9,14,7,10,2021,3,5,191
2021-07-11,11,6,5,15,19,9,7,11,2021,3,6,192
2021-07-12,6,3,3,11,15,19,7,12,2021,3,0,193
2021-07-13,11,6,5,6,11,15,7,13,2021,3,1,194
2021-07-14,10,3,7,11,6,11,7,14,2021,3,2,195
2021-07-15,12,7,5,10,11,6,7,15,2021,3,3,196
2021-07-16,7,6,1,12,10,11,7,16,2021,3,4,197
2021-07-17,9,3,6,7,12,10,7,17,2021,3,5,198
2021-07-18,10,4,6,9,7,12,7,18,2021,3,6,199
2021-07-19,12,6,6,10,9,7,7,19,2021,3,0,200
2021-07-20,11,2,9,12,10,9,7,20,2021,3,1,201
2021-07-21,11,5,6,11,12,10,7,21,2021,3,2,202
2021-07-22,10,7,3,11,11,12,7,22,2021,3,3,203
2021-07-23,6,1,5,10,11,11,7,23,2021,3,4,204
2021-07-24,13,5,8,6,10,11,7,24,2021,3,5,205
2021-07-25,14,8,6,13,6,10,7,25,2021,3,6,206
2021-07-26,15,8,7,14,13,6,7,26,2021,3,0,207
2021-07-27,8,4,4,15,14,13,7,27,2021,3,1,208
2021-07-28,13,8,5,8,15,14,7,28,2021,3,2,209
2021-07-29,7,2,5,13,8,15,7,29,2021,3,3,210
2021-07-30,9,4,5,7,13,8,7,30,2021,3,4,211
2021-07-31,9,6,3,9,7,13,7,31,2021,3,5,212
2021-08-01,4,2,2,9,9,7,8,1,2021,3,6,213
2021-08-02,11,6,5,4,9,9,8,2,2021,3,0,214
2021-08-03,16,8,8,11,4,9,8,3,2021,3,1,215
2021-08-04,14,7,7,16,11,4,8,4,2021,3,2,216
2021-08-05,14,4,10,14,16,11,8,5,2021,3,3,217
2021-08-06,10,7,3,14,14,16,8,6,2021,3,4,218
2021-08-07,10,6,4,10,14,14,8,7,2021,3,5,219
2021-08-08,12,5,7,10,10,14,8,8,2021,3,6,220
2021-08-09,10,4,6,12,10,10,8,9,2021,3,0,221
2021-08-10,9,7,2,10,12,10,8,10,2021,3,1,222
2021-08-11,6,5,1,9,10,12,8,11,2021,3,2,223
2021-08-12,14,11,3,6,9,10,8,12,2021,3,3,224
2021-08-13,6,4,2,14,6,9,8,13,2021,3,4,225
2021-08-14,9,5,4,6,14,6,8,14,2021,3,5,226
2021-08-15,9,5,4,9,6,14,8,15,2021,3,6,227
2021-08-16,12,6,6,9,9,6,8,16,2021,3,0,228
2021-08-17,12,5,7,12,9,9,8,17,2021,3,1,229
2021-08-18,7,3,4,12,12,9,8,18,2021,3,2,230
2021-08-19,10,5,5,7,12,12,8,19,2021,3,3,231
2021-08-20,8,6,2,10,7,12,8,20,2021,3,4,232
2021-08-21,12,7,5,8,10,7,8,21,2021,3,5,233
2021-08-22,16,8,8,12,8,10,8,22,2021,3,6,234
2021-08-23,11,9,2,16,12,8,8,23,2021,3,0,235
2021-08-24,11,8,3,11,16,12,8,24,2021,3,1,236
2021-08-25,10,7,3,11,11,16,8,25,2021,3,2,237
2021-08-26,10,5,5,10,11,11,8,26,2021,3,3,238
2021-08-27,20,12,8,10,10,11,8,27,2021,3,4,239
2021-08-28,8,1,7,20,10,10,8,28,2021,3,5,240
2021-08-29,7,2,5,8,20,10,8,29,2021,3,6,241
2021-08-30,7,3,4,7,8,20,8,30,2021,3,0,242
2021-08-31,9,2,7,7,7,8,8,31,2021,3,1,243
2021-09-01,8,6,2,9,7,7,9,1,2021,3,2,244
2021-09-02,16,9,7,8,9,7,9,2,2021,3,3,245
2021-09-03,7,4,3,16,8,9,9,3,2021,3,4,246
2021-09-04,11,5,6,7,16,8,9,4,2021,3,5,247
2021-09-05,13,6,7,11,7,16,9,5,2021,3,6,248
2021-09-06,17,11,6,13,11,7,9,6,2021,3,0,249
2021-09-07,8,5,3,17,13,11,9,7,2021,3,1,250
2021-09-08,7,3,4,8,17,13,9,8,2021,3,2,251
2021-09-09,12,7,5,7,8,17,9,9,2021,3,3,252
2021-09-10,16,9,7,12,7,8,9,10,2021,3,4,253
2021-09-11,6,3,3,16,12,7,9,11,2021,3,5,254
2021-09-12,4,2,2,6,16,12,9,12,2021,3,6,255
2021-09-13,8,6,2,4,6,16,9,13,2021,3,0,256
2021-09-14,10,7,3,8,4,6,9,14,2021,3,1,257
2021-09-15,13,6,7,10,8,4,9,15,2021,3,2,258
2021-09-16,12,4,8,13,10,8,9,16,2021,3,3,259
2021-09-17,9,5,4,12,13,10,9,17,2021,3,4,260
2021-09-18,5,2,3,9,12,13,9,18,2021,3,5,261
2021-09-19,6,5,1,5,9,12,9,19,2021,3,6,262
2021-09-20,7,4,3,6,5,9,9,20,2021,3,0,263
2021-09-21,9,4,5,7,6,5,9,21,2021,3,1,264
2021-09-22,12,4,8,9,7,6,9,22,2021,3,2,265
2021-09-23,12,6,6,12,9,7,9,23,2021,3,3,266
2021-09-24,11,5,6,12,12,9,9,24,2021,3,4,267
2021-09-25,7,3,4,11,12,12,9,25,2021,3,5,268
2021-09-26,6,4,2,7,11,12,9,26,2021,3,6,269
2021-09-27,12,3,9,6,7,11,9,27,2021,3,0,270
2021-09-28,11,5,6,12,6,7,9,28,2021,3,1,271
2021-09-29,7,2,5,11,12,6,9,29,2021,3,2,272
2021-09-30,4,3,1,7,11,12,9,30,2021,3,3,273
2021-10-01,12,6,6,4,7,11,10,1,2021,4,4,274
2021-10-02,5,3,2,12,4,7,10,2,2021,4,5,275
2021-10-03,10,6,4,5,12,4,10,3,2021,4,6,276
2021-10-04,8,6,2,10,5,12,10,4,2021,4,0,277
2021-10-05,10,7,3,8,10,5,10,5,2021,4,1,278
2021-10-06,10,5,5,10,8,10,10,6,2021,4,2,279
2021-10-07,10,5,5,10,10,8,10,7,2021,4,3,280
2021-10-08,10,8,2,10,10,10,10,8,2021,4,4,281
2021-10-09,7,3,4,10,10,10,10,9,2021,4,5,282
2021-10-10,16,12,4,7,10,10,10,10,2021,4,6,283
2021-10-11,20,7,13,16,7,10,10,11,2021,4,0,284
2021-10-12,9,5,4,20,16,7,10,12,2021,4,1,285
2021-10-13,7,3,4,9,20,16,10,13,2021,4,2,286
2021-10-14,6,2,4,7,9,20,10,14,2021,4,3,287
2021-10-15,10,3,7,6,7,9,10,15,2021,4,4,288
2021-10-16,10,6,4,10,6,7,10,16,2021,4,5,289
2021-10-17,12,7,5,10,10,6,10,17,2021,4,6,290
2021-10-18,11,5,6,12,10,10,10,18,2021,4,0,291
2021-10-19,7,3,4,11,12,10,10,19,2021,4,1,292
2021-10-20,10,7,3,7,11,12,10,20,2021,4,2,293
2021-10-21,9,7,2,10,7,11,10,21,2021,4,3,294
2021-10-22,5,3,2,9,10,7,10,22,2021,4,4,295
2021-10-23,11,8,3,5,9,10,10,23,2021,4,5,296
2021-10-24,9,4,5,11,5,9,10,24,2021,4,6,297
2021-10-25,9,4,5,9,11,5,10,25,2021,4,0,298
2021-10-26,9,5,4,9,9,11,10,26,2021,4,1,299
2021-10-27,9,3,6,9,9,9,10,27,2021,4,2,300
2021-10-28,8,4,4,9,9,9,10,28,2021,4,3,301
2021-10-29,10,3,7,8,9,9,10,29,2021,4,4,302
2021-10-30,12,8,4,10,8,9,10,30,2021,4,5,303
2021-10-31,6,5,1,12,10,8,10,31,2021,4,6,304
2021-11-01,10,7,3,6,12,10,11,1,2021,4,0,305
2021-11-02,15,8,7,10,6,12,11,2,2021,4,1,306
2021-11-03,11,5,6,15,10,6,11,3,2021,4,2,307
2021-11-04,14,9,5,11,15,10,11,4,2021,4,3,308
2021-11-05,12,6,6,14,11,15,11,5,2021,4,4,309
2021-11-06,11,3,8,12,14,11,11,6,2021,4,5,310
2021-11-07,7,5,2,11,12,14,11,7,2021,4,6,311
2021-11-08,9,3,6,7,11,12,11,8,2021,4,0,312
2021-11-09,12,7,5,9,7,11,11,9,2021,4,1,313
2021-11-10,11,8,3,12,9,7,11,10,2021,4,2,314
2021-11-11,9,6,3,11,12,9,11,11,2021,4,3,315
2021-11-12,8,5,3,9,11,12,11,12,2021,4,4,316
2021-11-13,9,3,6,8,9,11,11,13,2021,4,5,317
2021-11-14,14,9,5,9,8,9,11,14,2021,4,6,318
2021-11-15,12,5,7,14,9,8,11,15,2021,4,0,319
2021-11-16,5,2,3,12,14,9,11,16,2021,4,1,320
2021-11-17,6,6,0,5,12,14,11,17,2021,4,2,321
2021-11-18,7,5,2,6,5,12,11,18,2021,4,3,322
2021-11-19,10,5,5,7,6,5,11,19,2021,4,4,323
2021-11-20,9,4,5,10,7,6,11,20,2021,4,5,324
2021-11-21,13,7,6,9,10,7,11,21,2021,4,6,325
2021-11-22,10,6,4,13,9,10,11,22,2021,4,0,326
2021-11-23,13,8,5,10,13,9,11,23,2021,4,1,327
2021-11-24,9,3,6,13,10,13,11,24,2021,4,2,328
2021-11-25,13,7,6,9,13,10,11,25,2021,4,3,329
2021-11-26,10,6,4,13,9,13,11,26,2021,4,4,330
2021-11-27,15,6,9,10,13,9,11,27,2021,4,5,331
2021-11-28,12,8,4,15,10,13,11,28,2021,4,6,332
2021-11-29,9,4,5,12,15,10,11,29,2021,4,0,333
2021-11-30,11,5,6,9,12,15,11,30,2021,4,1,334
2021-12-01,8,7,1,11,9,12,12,1,2021,4,2,335
2021-12-02,10,6,4,8,11,9,12,2,2021,4,3,336
2021-12-03,9,6,3,10,8,11,12,3,2021,4,4,337
2021-12-04,5,4,1,9,10,8,12,4,2021,4,5,338
2021-12-05,11,6,5,5,9,10,12,5,2021,4,6,339
2021-12-06,6,2,4,11,5,9,12,6,2021,4,0,340
2021-12-07,6,3,3,6,11,5,12,7,2021,4,1,341
2021-12-08,19,7,12,6,6,11,12,8,2021,4,2,342
2021-12-09,12,6,6,19,6,6,12,9,2021,4,3,343
2021-12-10,5,4,1,12,19,6,12,10,2021,4,4,344
2021-12-11,15,9,6,5,12,19,12,11,2021,4,5,345
2021-12-12,12,4,8,15,5,12,12,12,2021,4,6,346
2021-12-13,15,6,9,12,15,5,12,13,2021,4,0,347
2021-12-14,9,7,2,15,12,15,12,14,2021,4,1,348
2021-12-15,12,5,7,9,15,12,12,15,2021,4,2,349
2021-12-16,7,2,5,12,9,15,12,16,2021,4,3,350
2021-12-17,17,6,11,7,12,9,12,17,2021,4,4,351
2021-12-18,15,8,7,17,7,12,12,18,2021,4,5,352
2021-12-19,15,10,5,15,17,7,12,19,2021,4,6,353
2021-12-20,6,5,1,15,15,17,12,20,2021,4,0,354
2021-12-21,12,5,7,6,15,15,12,21,2021,4,1,355
2021-12-22,9,5,4,12,6,15,12,22,2021,4,2,356
2021-12-23,4,2,2,9,12,6,12,23,2021,4,3,357
2021-12-24,11,5,6,4,9,12,12,24,2021,4,4,358
2021-12-25,13,5,8,11,4,9,12,25,2021,4,5,359
2021-12-26,7,6,1,13,11,4,12,26,2021,4,6,360
2021-12-27,10,8,2,7,13,11,12,27,2021,4,0,361
2021-12-28,16,9,7,10,7,13,12,28,2021,4,1,362
2021-12-29,17,6,11,16,10,7,12,29,2021,4,2,363
2021-12-30,13,5,8,17,16,10,12,30,2021,4,3,364
2021-12-31,9,4,5,13,17,16,12,31,2021,4,4,365
2022-01-01,10,6,4,9,13,17,1,1,2022,1,5,1
2022-01-02,7,3,4,10,9,13,1,2,2022,1,6,2
2022-01-03,10,6,4,7,10,9,1,3,2022,1,0,3
2022-01-04,9,7,2,10,7,10,1,4,2022,1,1,4
2022-01-05,14,8,6,9,10,7,1,5,2022,1,2,5
2022-01-06,8,6,2,14,9,10,1,6,2022,1,3,6
2022-01-07,7,3,4,8,14,9,1,7,2022,1,4,7
2022-01-08,8,4,4,7,8,14,1,8,2022,1,5,8
2022-01-09,15,7,8,8,7,8,1,9,2022,1,6,9
2022-01-10,6,3,3,15,8,7,1,10,2022,1,0,10
2022-01-11,12,5,7,6,15,8,1,11,2022,1,1,11
2022-01-12,10,6,4,12,6,15,1,12,2022,1,2,12
2022-01-13,5,3,2,10,12,6,1,13,2022,1,3,13
2022-01-14,10,8,2,5,10,12,1,14,2022,1,4,14
2022-01-15,14,5,9,10,5,10,1,15,2022,1,5,15
2022-01-16,11,5,6,14,10,5,1,16,2022,1,6,16
2022-01-17,10,3,7,11,14,10,1,17,2022,1,0,17
2022-01-18,13,5,8,10,11,14,1,18,2022,1,1,18
2022-01-19,19,10,9,13,10,11,1,19,2022,1,2,19
2022-01-20,14,5,9,19,13,10,1,20,2022,1,3,20
2022-01-21,4,1,3,14,19,13,1,21,2022,1,4,21
2022-01-22,13,8,5,4,14,19,1,22,2022,1,5,22
2022-01-23,4,2,2,13,4,14,1,23,2022,1,6,23
2022-01-24,10,4,6,4,13,4,1,24,2022,1,0,24
2022-01-25,15,3,12,10,4,13,1,25,2022,1,1,25
2022-01-26,11,3,8,15,10,4,1,26,2022,1,2,26
2022-01-27,16,10,6,11,15,10,1,27,2022,1,3,27
2022-01-28,10,5,5,16,11,15,1,28,2022,1,4,28
2022-01-29,17,9,8,10,16,11,1,29,2022,1,5,29
2022-01-30,10,4,6,17,10,16,1,30,2022,1,6,30
2022-01-31,6,4,2,10,17,10,1,31,2022,1,0,31
2022-02-01,16,7,9,6,10,17,2,1,2022,1,1,32
2022-02-02,3,2,1,16,6,10,2,2,2022,1,2,33
2022-02-03,11,4,7,3,16,6,2,3,2022,1,3,34
2022-02-04,7,3,4,11,3,16,2,4,2022,1,4,35
2022-02-05,4,2,2,7,11,3,2,5,2022,1,5,36
2022-02-06,3,1,2,4,7,11,2,6,2022,1,6,37
2022-02-07,17,7,10,3,4,7,2,7,2022,1,0,38
2022-02-08,12,9,3,17,3,4,2,8,2022,1,1,39
2022-02-09,9,2,7,12,17,3,2,9,2022,1,2,40
2022-02-10,7,4,3,9,12,17,2,10,2022,1,3,41
2022-02-11,9,9,0,7,9,12,2,11,2022,1,4,42
2022-02-12,14,8,6,9,7,9,2,12,2022,1,5,43
2022-02-13,14,6,8,14,9,7,2,13,2022,1,6,44
2022-02-14,3,0,3,14,14,9,2,14,2022,1,0,45
2022-02-15,6,4,2,3,14,14,2,15,2022,1,1,46
2022-02-16,12,5,7,6,3,14,2,16,2022,1,2,47
2022-02-17,3,1,2,12,6,3,2,17,2022,1,3,48
2022-02-18,3,0,3,3,12,6,2,18,2022,1,4,49
2022-02-19,12,6,6,3,3,12,2,19,2022,1,5,50
2022-02-20,5,4,1,12,3,3,2,20,2022,1,6,51
2022-02-21,7,3,4,5,12,3,2,21,2022,1,0,52
2022-02-22,10,8,2,7,5,12,2,22,2022,1,1,53
2022-02-23,7,4,3,10,7,5,2,23,2022,1,2,54
2022-02-24,9,2,7,7,10,7,2,24,2022,1,3,55
2022-02-25,4,4,0,9,7,10,2,25,2022,1,4,56
2022-02-26,9,3,6,4,9,7,2,26,2022,1,5,57
2022-02-27,9,3,6,9,4,9,2,27,2022,1,6,58
2022-02-28,11,6,5,9,9,4,2,28,2022,1,0,59
2022-03-01,11,6,5,11,9,9,3,1,2022,1,1,60
2022-03-02,11,3,8,11,11,9,3,2,2022,1,2,61
2022-03-03,18,11,7,11,11,11,3,3,2022,1,3,62
2022-03-04,18,6,12,18,11,11,3,4,2022,1,4,63
2022-03-05,9,4,5,18,18,11,3,5,2022,1,5,64
2022-03-06,9,4,5,9,18,18,3,6,2022,1,6,65
2022-03-07,16,11,5,9,9,18,3,7,2022,1,0,66
2022-03-08,13,8,5,16,9,9,3,8,2022,1,1,67
2022-03-09,8,4,4,13,16,9,3,9,2022,1,2,68
2022-03-10,8,4,4,8,13,16,3,10,2022,1,3,69
2022-03-11,7,2,5,8,8,13,3,11,2022,1,4,70
2022-03-12,3,1,2,7,8,8,3,12,2022,1,5,71
2022-03-13,8,7,1,3,7,8,3,13,2022,1,6,72
2022-03-14,5,2,3,8,3,7,3,14,2022,1,0,73
2022-03-15,13,8,5,5,8,3,3,15,2022,1,1,74
2022-03-16,9,6,3,13,5,8,3,16,2022,1,2,75
2022-03-17,10,4,6,9,13,5,3,17,2022,1,3,76
2022-03-18,10,5,5,10,9,13,3,18,2022,1,4,77
2022-03-19,9,6,3,10,10,9,3,19,2022,1,5,78
2022-03-20,16,10,6,9,10,10,3,20,2022,1,6,79
2022-03-21,7,3,4,16,9,10,3,21,2022,1,0,80
2022-03-22,7,1,6,7,16,9,3,22,2022,1,1,81
2022-03-23,9,2,7,7,7,16,3,23,2022,1,2,82
2022-03-24,7,4,3,9,7,7,3,24,2022,1,3,83
2022-03-25,6,2,4,7,9,7,3,25,2022,1,4,84
2022-03-26,9,3,6,6,7,9,3,26,2022,1,5,85
2022-03-27,8,5,3,9,6,7,3,27,2022,1,6,86
2022-03-28,15,4,11,8,9,6,3,28,2022,1,0,87
2022-03-29,10,2,8,15,8,9,3,29,2022,1,1,88
2022-03-30,13,7,6,10,15,8,3,30,2022,1,2,89
2022-03-31,12,7,5,13,10,15,3,31,2022,1,3,90
2022-04-01,7,5,2,12,13,10,4,1,2022,2,4,91
2022-04-02,8,6,2,7,12,13,4,2,2022,2,5,92
2022-04-03,10,3,7,8,7,12,4,3,2022,2,6,93
2022-04-04,10,6,4,10,8,7,4,4,2022,2,0,94
2022-04-05,8,4,4,10,10,8,4,5,2022,2,1,95
2022-04-06,10,7,3,8,10,10,4,6,2022,2,2,96
2022-04-07,13,7,6,10,8,10,4,7,2022,2,3,97
2022-04-08,20,10,10,13,10,8,4,8,2022,2,4,98
2022-04-09,7,3,4,20,13,10,4,9,2022,2,5,99
2022-04-10,7,3,4,7,20,13,4,10,2022,2,6,100
2022-04-11,8,3,5,7,7,20,4,11,2022,2,0,101
2022-04-12,19,10,9,8,7,7,4,12,2022,2,1,102
2022-04-13,18,11,7,19,8,7,4,13,2022,2,2,103
2022-04-14,12,5,7,18,19,8,4,14,2022,2,3,104
2022-04-15,2,1,1,12,18,19,4,15,2022,2,4,105
2022-04-16,12,2,10,2,12,18,4,16,2022,2,5,106
2022-04-17,5,2,3,12,2,12,4,17,2022,2,6,107
2022-04-18,16,3,13,5,12,2,4,18,2022,2,0,108
2022-04-19,8,5,3,16,5,12,4,19,2022,2,1,109
2022-04-20,9,3,6,8,16,5,4,20,2022,2,2,110
2022-04-21,9,6,3,9,8,16,4,21,2022,2,3,111
2022-04-22,10,6,4,9,9,8,4,22,2022,2,4,112
2022-04-23,12,10,2,10,9,9,4,23,2022,2,5,113
2022-04-24,12,9,3,12,10,9,4,24,2022,2,6,114
2022-04-25,8,3,5,12,12,10,4,25,2022,2,0,115
2022-04-26,5,2,3,8,12,12,4,26,2022,2,1,116
2022-04-27,4,1,3,5,8,12,4,27,2022,2,2,117
2022-04-28,11,7,4,4,5,8,4,28,2022,2,3,118
2022-04-29,9,6,3,11,4,5,4,29,2022,2,4,119
2022-04-30,9,2,7,9,11,4,4,30,2022,2,5,120
2022-05-01,8,3,5,9,9,11,5,1,2022,2,6,121
2022-05-02,6,2,4,8,9,9,5,2,2022,2,0,122
2022-05-03,13,8,5,6,8,9,5,3,2022,2,1,123
2022-05-04,16,12,4,13,6,8,5,4,2022,2,2,124
2022-05-05,13,8,5,16,13,6,5,5,2022,2,3,125
2022-05-06,11,3,8,13,16,13,5,6,2022,2,4,126
2022-05-07,17,7,10,11,13,16,5,7,2022,2,5,127
2022-05-08,14,12,2,17,11,13,5,8,2022,2,6,128
2022-05-09,9,2,7,14,17,11,5,9,2022,2,0,129
2022-05-10,10,4,6,9,14,17,5,10,2022,2,1,130
2022-05-11,7,2,5,10,9,14,5,11,2022,2,2,131
2022-05-12,15,3,12,7,10,9,5,12,2022,2,3,132
2022-05-13,10,3,7,15,7,10,5,13,2022,2,4,133
2022-05-14,9,6,3,10,15,7,5,14,2022,2,5,134
2022-05-15,8,4,4,9,10,15,5,15,2022,2,6,135
2022-05-16,13,9,4,8,9,10,5,16,2022,2,0,136
2022-05-17,12,5,7,13,8,9,5,17,2022,2,1,137
2022-05-18,8,7,1,12,13,8,5,18,2022,2,2,138
2022-05-19,8,4,4,8,12,13,5,19,2022,2,3,139
2022-05-20,10,6,4,8,8,12,5,20,2022,2,4,140
2022-05-21,7,1,6,10,8,8,5,21,2022,2,5,141
2022-05-22,7,3,4,7,10,8,5,22,2022,2,6,142
2022-05-23,1,0,1,7,7,10,5,23,2022,2,0,143
2022-05-24,15,8,7,1,7,7,5,24,2022,2,1,144
2022-05-25,14,8,6,15,1,7,5,25,2022,2,2,145
2022-05-26,15,7,8,14,15,1,5,26,2022,2,3,146
2022-05-27,8,2,6,15,14,15,5,27,2022,2,4,147
2022-05-28,5,3,2,8,15,14,5,28,2022,2,5,148
2022-05-29,5,2,3,5,8,15,5,29,2022,2,6,149
2022-05-30,13,4,9,5,5,8,5,30,2022,2,0,150
2022-05-31,9,3,6,13,5,5,5,31,2022,2,1,151
2022-06-01,16,8,8,9,13,5,6,1,2022,2,2,152
2022-06-02,10,8,2,16,9,13,6,2,2022,2,3,153
2022-06-03,10,6,4,10,16,9,6,3,2022,2,4,154
2022-06-04,5,2,3,10,10,16,6,4,2022,2,5,155
2022-06-05,22,15,7,5,10,10,6,5,2022,2,6,156
2022-06-06,12,4,8,22,5,10,6,6,2022,2,0,157
2022-06-07,7,4,3,12,22,5,6,7,2022,2,1,158
2022-06-08,16,12,4,7,12,22,6,8,2022,2,2,159
2022-06-09,10,4,6,16,7,12,6,9,2022,2,3,160
2022-06-10,8,3,5,10,16,7,6,10,2022,2,4,161
2022-06-11,10,7,3,8,10,16,6,11,2022,2,5,162
2022-06-12,8,4,4,10,8,10,6,12,2022,2,6,163
2022-06-13,12,7,5,8,10,8,6,13,2022,2,0,164
2022-06-14,15,3,12,12,8,10,6,14,2022,2,1,165
2022-06-15,9,4,5,15,12,8,6,15,2022,2,2,166
2022-06-16,11,3,8,9,15,12,6,16,2022,2,3,167
2022-06-17,13,6,7,11,9,15,6,17,2022,2,4,168
2022-06-18,7,5,2,13,11,9,6,18,2022,2,5,169
2022-06-19,17,8,9,7,13,11,6,19,2022,2,6,170
2022-06-20,4,2,2,17,7,13,6,20,2022,2,0,171
2022-06-21,20,13,7,4,17,7,6,21,2022,2,1,172
2022-06-22,12,4,8,20,4,17,6,22,2022,2,2,173
2022-06-23,13,4,9,12,20,4,6,23,2022,2,3,174
2022-06-24,16,10,6,13,12,20,6,24,2022,2,4,175
2022-06-25,15,10,5,16,13,12,6,25,2022,2,5,176
2022-06-26,12,9,3,15,16,13,6,26,2022,2,6,177
2022-06-27,13,8,5,12,15,16,6,27,2022,2,0,178
2022-06-28,8,2,6,13,12,15,6,28,2022,2,1,179
2022-06-29,13,6,7,8,13,12,6,29,2022,2,2,180
2022-06-30,15,7,8,13,8,13,6,30,2022,2,3,181
2022-07-01,16,7,9,15,13,8,7,1,2022,3,4,182
2022-07-02,13,4,9,16,15,13,7,2,2022,3,5,183
2022-07-03,7,2,5,13,16,15,7,3,2022,3,6,184
2022-07-04,10,3,7,7,13,16,7,4,2022,3,0,185
2022-07-05,10,6,4,10,7,13,7,5,2022,3,1,186
2022-07-06,13,7,6,10,10,7,7,6,2022,3,2,187
2022-07-07,9,2,7,13,10,10,7,7,2022,3,3,188
2022-07-08,13,7,6,9,13,10,7,8,2022,3,4,189
2022-07-09,5,4,1,13,9,13,7,9,2022,3,5,190
2022-07-10,15,7,8,5,13,9,7,10,2022,3,6,191
2022-07-11,8,5,3,15,5,13,7,11,2022,3,0,192
2022-07-12,10,7,3,8,15,5,7,12,2022,3,1,193
2022-07-13,11,7,4,10,8,15,7,13,2022,3,2,194
2022-07-14,13,6,7,11,10,8,7,14,2022,3,3,195
2022-07-15,6,3,3,13,11,10,7,15,2022,3,4,196
2022-07-16,8,4,4,6,13,11,7,16,2022,3,5,197
2022-07-17,5,3,2,8,6,13,7,17,2022,3,6,198
2022-07-18,8,3,5,5,8,6,7,18,2022,3,0,199
2022-07-19,9,6,3,8,5,8,7,19,2022,3,1,200
2022-07-20,16,10,6,9,8,5,7,20,2022,3,2,201
2022-07-21,8,3,5,16,9,8,7,21,2022,3,3,202
2022-07-22,14,5,9,8,16,9,7,22,2022,3,4,203
2022-07-23,6,3,3,14,8,16,7,23,2022,3,5,204
2022-07-24,21,13,8,6,14,8,7,24,2022,3,6,205
2022-07-25,10,5,5,21,6,14,7,25,2022,3,0,206
2022-07-26,14,5,9,10,21,6,7,26,2022,3,1,207
2022-07-27,15,12,3,14,10,21,7,27,2022,3,2,208
2022-07-28,7,5,2,15,14,10,7,28,2022,3,3,209
2022-07-29,8,3,5,7,15,14,7,29,2022,3,4,210
2022-07-30,6,3,3,8,7,15,7,30,2022,3,5,211
2022-07-31,9,5,4,6,8,7,7,31,2022,3,6,212
2022-08-01,23,8,15,9,6,8,8,1,2022,3,0,213
2022-08-02,14,8,6,23,9,6,8,2,2022,3,1,214
2022-08-03,12,7,5,14,23,9,8,3,2022,3,2,215
2022-08-04,10,4,6,12,14,23,8,4,2022,3,3,216
2022-08-05,11,7,4,10,12,14,8,5,2022,3,4,217
2022-08-06,12,9,3,11,10,12,8,6,2022,3,5,218
2022-08-07,3,1,2,12,11,10,8,7,2022,3,6,219
2022-08-08,12,4,8,3,12,11,8,8,2022,3,0,220
2022-08-09,4,1,3,12,3,12,8,9,2022,3,1,221
2022-08-10,13,5,8,4,12,3,8,10,2022,3,2,222
2022-08-11,8,3,5,13,4,12,8,11,2022,3,3,223
2022-08-12,9,3,6,8,13,4,8,12,2022,3,4,224
2022-08-13,11,4,7,9,8,13,8,13,2022,3,5,225
2022-08-14,6,3,3,11,9,8,8,14,2022,3,6,226
2022-08-15,9,3,6,6,11,9,8,15,2022,3,0,227
2022-08-16,7,3,4,9,6,11,8,16,2022,3,1,228
2022-08-17,12,3,9,7,9,6,8,17,2022,3,2,229
2022-08-18,6,3,3,12,7,9,8,18,2022,3,3,230
2022-08-19,14,9,5,6,12,7,8,19,2022,3,4,231
2022-08-20,6,3,3,14,6,12,8,20,2022,3,5,232
2022-08-21,11,4,7,6,14,6,8,21,2022,3,6,233
2022-08-22,10,4,6,11,6,14,8,22,2022,3,0,234
2022-08-23,8,4,4,10,11,6,8,23,2022,3,1,235
2022-08-24,10,6,4,8,10,11,8,24,2022,3,2,236
2022-08-25,13,7,6,10,8,10,8,25,2022,3,3,237
2022-08-26,11,4,7,13,10,8,8,26,2022,3,4,238
2022-08-27,11,6,5,11,13,10,8,27,2022,3,5,239
2022-08-28,11,6,5,11,11,13,8,28,2022,3,6,240
2022-08-29,7,2,5,11,11,11,8,29,2022,3,0,241
2022-08-30,7,4,3,7,11,11,8,30,2022,3,1,242
2022-08-31,11,7,4,7,7,11,8,31,2022,3,2,243
2022-09-01,11,8,3,11,7,7,9,1,2022,3,3,244
2022-09-02,7,1,6,11,11,7,9,2,2022,3,4,245
2022-09-03,10,4,6,7,11,11,9,3,2022,3,5,246
2022-09-04,13,5,8,10,7,11,9,4,2022,3,6,247
2022-09-05,13,6,7,13,10,7,9,5,2022,3,0,248
2022-09-06,9,6,3,13,13,10,9,6,2022,3,1,249
2022-09-07,12,3,9,9,13,13,9,7,2022,3,2,250
2022-09-08,13,4,9,12,9,13,9,8,2022,3,3,251
2022-09-09,16,10,6,13,12,9,9,9,2022,3,4,252
2022-09-10,7,4,3,16,13,12,9,10,2022,3,5,253
2022-09-11,8,4,4,7,16,13,9,11,2022,3,6,254
2022-09-12,10,2,8,8,7,16,9,12,2022,3,0,255
2022-09-13,14,8,6,10,8,7,9,13,2022,3,1,256
2022-09-14,8,3,5,14,10,8,9,14,2022,3,2,257
2022-09-15,10,10,0,8,14,10,9,15,2022,3,3,258
2022-09-16,8,2,6,10,8,14,9,16,2022,3,4,259
2022-09-17,7,4,3,8,10,8,9,17,2022,3,5,260
2022-09-18,16,4,12,7,8,10,9,18,2022,3,6,261
2022-09-19,15,6,9,16,7,8,9,19,2022,3,0,262
2022-09-20,10,3,7,15,16,7,9,20,2022,3,1,263
2022-09-21,11,2,9,10,15,16,9,21,2022,3,2,264
2022-09-22,12,6,6,11,10,15,9,22,2022,3,3,265
2022-09-23,9,3,6,12,11,10,9,23,2022,3,4,266
2022-09-24,12,5,7,9,12,11,9,24,2022,3,5,267
2022-09-25,15,5,10,12,9,12,9,25,2022,3,6,268
2022-09-26,6,2,4,15,12,9,9,26,2022,3,0,269
2022-09-27,5,2,3,6,15,12,9,27,2022,3,1,270
2022-09-28,11,7,4,5,6,15,9,28,2022,3,2,271
2022-09-29,7,3,4,11,5,6,9,29,2022,3,3,272
2022-09-30,11,10,1,7,11,5,9,30,2022,3,4,273
2022-10-01,16,7,9,11,7,11,10,1,2022,4,5,274
2022-10-02,8,4,4,16,11,7,10,2,2022,4,6,275
2022-10-03,10,8,2,8,16,11,10,3,2022,4,0,276
2022-10-04,6,2,4,10,8,16,10,4,2022,4,1,277
2022-10-05,8,4,4,6,10,8,10,5,2022,4,2,278
2022-10-06,6,2,4,8,6,10,10,6,2022,4,3,279
2022-10-07,12,5,7,6,8,6,10,7,2022,4,4,280
2022-10-08,10,3,7,12,6,8,10,8,2022,4,5,281
2022-10-09,16,10,6,10,12,6,10,9,2022,4,6,282
2022-10-10,12,5,7,16,10,12,10,10,2022,4,0,283
2022-10-11,10,5,5,12,16,10,10,11,2022,4,1,284
2022-10-12,10,4,6,10,12,16,10,12,2022,4,2,285
2022-10-13,15,7,8,10,10,12,10,13,2022,4,3,286
2022-10-14,5,0,5,15,10,10,10,14,2022,4,4,287
2022-10-15,12,3,9,5,15,10,10,15,2022,4,5,288
2022-10-16,6,5,1,12,5,15,10,16,2022,4,6,289
2022-10-17,8,4,4,6,12,5,10,17,2022,4,0,290
2022-10-18,10,2,8,8,6,12,10,18,2022,4,1,291
2022-10-19,12,7,5,10,8,6,10,19,2022,4,2,292
2022-10-20,9,5,4,12,10,8,10,20,2022,4,3,293
2022-10-21,8,4,4,9,12,10,10,21,2022,4,4,294
2022-10-22,16,6,10,8,9,12,10,22,2022,4,5,295
2022-10-23,10,3,7,16,8,9,10,23,2022,4,6,296
2022-10-24,11,5,6,10,16,8,10,24,2022,4,0,297
2022-10-25,2,1,1,11,10,16,10,25,2022,4,1,298
2022-10-26,7,1,6,2,11,10,10,26,2022,4,2,299
2022-10-27,8,3,5,7,2,11,10,27,2022,4,3,300
2022-10-28,11,7,4,8,7,2,10,28,2022,4,4,301
2022-10-29,7,1,6,11,8,7,10,29,2022,4,5,302
2022-10-30,8,5,3,7,11,8,10,30,2022,4,6,303
2022-10-31,10,5,5,8,7,11,10,31,2022,4,0,304
2022-11-01,10,3,7,10,8,7,11,1,2022,4,1,305
2022-11-02,18,11,7,10,10,8,11,2,2022,4,2,306
2022-11-03,11,6,5,18,10,10,11,3,2022,4,3,307
2022-11-04,8,6,2,11,18,10,11,4,2022,4,4,308
2022-11-05,15,9,6,8,11,18,11,5,2022,4,5,309
2022-11-06,6,4,2,15,8,11,11,6,2022,4,6,310
2022-11-07,10,3,7,6,15,8,11,7,2022,4,0,311
2022-11-08,8,3,5,10,6,15,11,8,2022,4,1,312
2022-11-09,14,10,4,8,10,6,11,9,2022,4,2,313
2022-11-10,7,4,3,14,8,10,11,10,2022,4,3,314
2022-11-11,9,4,5,7,14,8,11,11,2022,4,4,315
2022-11-12,10,6,4,9,7,14,11,12,2022,4,5,316
2022-11-13,11,7,4,10,9,7,11,13,2022,4,6,317
2022-11-14,10,7,3,11,10,9,11,14,2022,4,0,318
2022-11-15,19,11,8,10,11,10,11,15,2022,4,1,319
2022-11-16,13,8,5,19,10,11,11,16,2022,4,2,320
2022-11-17,13,6,7,13,19,10,11,17,2022,4,3,321
2022-11-18,7,3,4,13,13,19,11,18,2022,4,4,322
2022-11-19,13,8,5,7,13,13,11,19,2022,4,5,323
2022-11-20,12,8,4,13,7,13,11,20,2022,4,6,324
2022-11-21,22,13,9,12,13,7,11,21,2022,4,0,325
2022-11-22,4,4,0,22,12,13,11,22,2022,4,1,326
2022-11-23,9,3,6,4,22,12,11,23,2022,4,2,327
2022-11-24,13,3,10,9,4,22,11,24,2022,4,3,328
2022-11-25,14,5,9,13,9,4,11,25,2022,4,4,329
2022-11-26,8,7,1,14,13,9,11,26,2022,4,5,330
2022-11-27,11,7,4,8,14,13,11,27,2022,4,6,331
2022-11-28,7,5,2,11,8,14,11,28,2022,4,0,332
2022-11-29,6,5,1,7,11,8,11,29,2022,4,1,333
2022-11-30,9,5,4,6,7,11,11,30,2022,4,2,334
2022-12-01,11,5,6,9,6,7,12,1,2022,4,3,335
2022-12-02,10,3,7,11,9,6,12,2,2022,4,4,336
2022-12-03,5,1,4,10,11,9,12,3,2022,4,5,337
2022-12-04,12,3,9,5,10,11,12,4,2022,4,6,338
2022-12-05,18,7,11,12,5,10,12,5,2022,4,0,339
2022-12-06,9,2,7,18,12,5,12,6,2022,4,1,340
2022-12-07,7,3,4,9,18,12,12,7,2022,4,2,341
2022-12-08,8,7,1,7,9,18,12,8,2022,4,3,342
2022-12-09,9,7,2,8,7,9,12,9,2022,4,4,343
2022-12-10,11,1,10,9,8,7,12,10,2022,4,5,344
2022-12-11,8,5,3,11,9,8,12,11,2022,4,6,345
2022-12-12,7,6,1,8,11,9,12,12,2022,4,0,346
2022-12-13,18,9,9,7,8,11,12,13,2022,4,1,347
2022-12-14,8,4,4,18,7,8,12,14,2022,4,2,348
2022-12-15,10,6,4,8,18,7,12,15,2022,4,3,349
2022-12-16,13,8,5,10,8,18,12,16,2022,4,4,350
2022-12-17,9,6,3,13,10,8,12,17,2022,4,5,351
2022-12-18,7,4,3,9,13,10,12,18,2022,4,6,352
2022-12-19,15,8,7,7,9,13,12,19,2022,4,0,353
2022-12-20,16,4,12,15,7,9,12,20,2022,4,1,354
2022-12-21,9,8,1,16,15,7,12,21,2022,4,2,355
2022-12-22,11,9,2,9,16,15,12,22,2022,4,3,356
2022-12-23,12,4,8,11,9,16,12,23,2022,4,4,357
2022-12-24,6,3,3,12,11,9,12,24,2022,4,5,358
2022-12-25,10,6,4,6,12,11,12,25,2022,4,6,359
2022-12-26,13,8,5,10,6,12,12,26,2022,4,0,360
2022-12-27,13,8,5,13,10,6,12,27,2022,4,1,361
2022-12-28,12,6,6,13,13,10,12,28,2022,4,2,362
2022-12-29,7,3,4,12,13,13,12,29,2022,4,3,363
2022-12-30,9,5,4,7,12,13,12,30,2022,4,4,364
2022-12-31,12,10,2,9,7,12,12,31,2022,4,5,365
2023-01-01,10,6,4,12,9,7,1,1,2023,1,6,1
2023-01-02,7,7,0,10,12,9,1,2,2023,1,0,2
2023-01-03,9,6,3,7,10,12,1,3,2023,1,1,3
2023-01-04,5,3,2,9,7,10,1,4,2023,1,2,4
2023-01-05,7,3,4,5,9,7,1,5,2023,1,3,5
2023-01-06,15,6,9,7,5,9,1,6,2023,1,4,6
2023-01-07,13,7,6,15,7,5,1,7,2023,1,5,7
2023-01-08,7,3,4,13,15,7,1,8,2023,1,6,8
2023-01-09,7,4,3,7,13,15,1,9,2023,1,0,9
2023-01-10,18,10,8,7,7,13,1,10,2023,1,1,10
2023-01-11,4,4,0,18,7,7,1,11,2023,1,2,11
2023-01-12,13,8,5,4,18,7,1,12,2023,1,3,12
2023-01-13,6,3,3,13,4,18,1,13,2023,1,4,13
2023-01-14,12,11,1,6,13,4,1,14,2023,1,5,14
2023-01-15,9,5,4,12,6,13,1,15,2023,1,6,15
2023-01-16,6,4,2,9,12,6,1,16,2023,1,0,16
2023-01-17,17,9,8,6,9,12,1,17,2023,1,1,17
2023-01-18,16,10,6,17,6,9,1,18,2023,1,2,18
2023-01-19,11,6,5,16,17,6,1,19,2023,1,3,19
2023-01-20,12,6,6,11,16,17,1,20,2023,1,4,20
2023-01-21,14,8,6,12,11,16,1,21,2023,1,5,21
2023-01-22,9,6,3,14,12,11,1,22,2023,1,6,22
2023-01-23,7,3,4,9,14,12,1,23,2023,1,0,23
2023-01-24,17,13,4,7,9,14,1,24,2023,1,1,24
2023-01-25,6,1,5,17,7,9,1,25,2023,1,2,25
2023-01-26,10,8,2,6,17,7,1,26,2023,1,3,26
2023-01-27,10,6,4,10,6,17,1,27,2023,1,4,27
2023-01-28,11,6,5,10,10,6,1,28,2023,1,5,28
2023-01-29,11,4,7,11,10,10,1,29,2023,1,6,29
2023-01-30,10,4,6,11,11,10,1,30,2023,1,0,30
2023-01-31,12,4,8,10,11,11,1,31,2023,1,1,31
2023-02-01,8,5,3,12,10,11,2,1,2023,1,2,32
2023-02-02,11,5,6,8,12,10,2,2,2023,1,3,33
2023-02-03,13,6,7,11,8,12,2,3,2023,1,4,34
2023-02-04,11,5,6,13,11,8,2,4,2023,1,5,35
2023-02-05,10,6,4,11,13,11,2,5,2023,1,6,36
2023-02-06,11,7,4,10,11,13,2,6,2023,1,0,37
2023-02-07,10,2,8,11,10,11,2,7,2023,1,1,38
2023-02-08,6,3,3,10,11,10,2,8,2023,1,2,39
2023-02-09,11,4,7,6,10,11,2,9,2023,1,3,40
2023-02-10,7,4,3,11,6,10,2,10,2023,1,4,41
2023-02-11,11,4,7,7,11,6,2,11,2023,1,5,42
2023-02-12,11,6,5,11,7,11,2,12,2023,1,6,43
2023-02-13,17,10,7,11,11,7,2,13,2023,1,0,44
2023-02-14,10,5,5,17,11,11,2,14,2023,1,1,45
2023-02-15,16,9,7,10,17,11,2,15,2023,1,2,46
2023-02-16,6,5,1,16,10,17,2,16,2023,1,3,47
2023-02-17,11,4,7,6,16,10,2,17,2023,1,4,48
2023-02-18,11,5,6,11,6,16,2,18,2023,1,5,49
2023-02-19,5,3,2,11,11,6,2,19,2023,1,6,50
2023-02-20,4,3,1,5,11,11,2,20,2023,1,0,51
2023-02-21,6,4,2,4,5,11,2,21,2023,1,1,52
2023-02-22,14,9,5,6,4,5,2,22,2023,1,2,53
2023-02-23,12,2,10,14,6,4,2,23,2023,1,3,54
2023-02-24,11,6,5,12,14,6,2,24,2023,1,4,55
2023-02-25,8,3,5,11,12,14,2,25,2023,1,5,56
2023-02-26,11,5,6,8,11,12,2,26,2023,1,6,57
2023-02-27,4,1,3,11,8,11,2,27,2023,1,0,58
2023-02-28,8,1,7,4,11,8,2,28,2023,1,1,59
2023-03-01,12,5,7,8,4,11,3,1,2023,1,2,60
2023-03-02,9,6,3,12,8,4,3,2,2023,1,3,61
2023-03-03,12,7,5,9,12,8,3,3,2023,1,4,62
2023-03-04,8,3,5,12,9,12,3,4,2023,1,5,63
2023-03-05,13,10,3,8,12,9,3,5,2023,1,6,64
2023-03-06,6,3,3,13,8,12,3,6,2023,1,0,65
2023-03-07,9,4,5,6,13,8,3,7,2023,1,1,66
2023-03-08,3,2,1,9,6,13,3,8,2023,1,2,67
2023-03-09,14,3,11,3,9,6,3,9,2023,1,3,68
2023-03-10,12,2,10,14,3,9,3,10,2023,1,4,69
2023-03-11,11,7,4,12,14,3,3,11,2023,1,5,70
2023-03-12,11,5,6,11,12,14,3,12,2023,1,6,71
2023-03-13,6,1,5,11,11,12,3,13,2023,1,0,72
2023-03-14,15,6,9,6,11,11,3,14,2023,1,1,73
2023-03-15,5,2,3,15,6,11,3,15,2023,1,2,74
2023-03-16,10,4,6,5,15,6,3,16,2023,1,3,75
2023-03-17,4,1,3,10,5,15,3,17,2023,1,4,76
2023-03-18,12,7,5,4,10,5,3,18,2023,1,5,77
2023-03-19,5,3,2,12,4,10,3,19,2023,1,6,78
2023-03-20,9,2,7,5,12,4,3,20,2023,1,0,79
2023-03-21,15,7,8,9,5,12,3,21,2023,1,1,80
2023-03-22,9,6,3,15,9,5,3,22,2023,1,2,81
2023-03-23,11,7,4,9,15,9,3,23,2023,1,3,82
2023-03-24,10,4,6,11,9,15,3,24,2023,1,4,83
2023-03-25,6,2,4,10,11,9,3,25,2023,1,5,84
2023-03-26,16,7,9,6,10,11,3,26,2023,1,6,85
2023-03-27,11,7,4,16,6,10,3,27,2023,1,0,86
2023-03-28,15,6,9,11,16,6,3,28,2023,1,1,87
2023-03-29,7,2,5,15,11,16,3,29,2023,1,2,88
2023-03-30,11,4,7,7,15,11,3,30,2023,1,3,89
2023-03-31,12,4,8,11,7,15,3,31,2023,1,4,90
2023-04-01,7,2,5,12,11,7,4,1,2023,2,5,91
2023-04-02,13,8,5,7,12,11,4,2,2023,2,6,92
2023-04-03,9,5,4,13,7,12,4,3,2023,2,0,93
2023-04-04,10,8,2,9,13,7,4,4,2023,2,1,94
2023-04-05,6,2,4,10,9,13,4,5,2023,2,2,95
2023-04-06,16,6,10,6,10,9,4,6,2023,2,3,96
2023-04-07,18,11,7,16,6,10,4,7,2023,2,4,97
2023-04-08,8,5,3,18,16,6,4,8,2023,2,5,98
2023-04-09,6,3,3,8,18,16,4,9,2023,2,6,99
2023-04-10,8,6,2,6,8,18,4,10,2023,2,0,100
2023-04-11,9,4,5,8,6,8,4,11,2023,2,1,101
2023-04-12,4,3,1,9,8,6,4,12,2023,2,2,102
2023-04-13,8,2,6,4,9,8,4,13,2023,2,3,103
2023-04-14,9,6,3,8,4,9,4,14,2023,2,4,104
2023-04-15,13,5,8,9,8,4,4,15,2023,2,5,105
2023-04-16,9,4,5,13,9,8,4,16,2023,2,6,106
2023-04-17,12,8,4,9,13,9,4,17,2023,2,0,107
2023-04-18,15,9,6,12,9,13,4,18,2023,2,1,108
2023-04-19,5,4,1,15,12,9,4,19,2023,2,2,109
2023-04-20,9,4,5,5,15,12,4,20,2023,2,3,110
2023-04-21,11,6,5,9,5,15,4,21,2023,2,4,111
2023-04-22,12,8,4,11,9,5,4,22,2023,2,5,112
2023-04-23,7,5,2,12,11,9,4,23,2023,2,6,113
2023-04-24,4,2,2,7,12,11,4,24,2023,2,0,114
2023-04-25,12,5,7,4,7,12,4,25,2023,2,1,115
2023-04-26,17,7,10,12,4,7,4,26,2023,2,2,116
2023-04-27,14,8,6,17,12,4,4,27,2023,2,3,117
2023-04-28,5,4,1,14,17,12,4,28,2023,2,4,118
2023-04-29,11,4,7,5,14,17,4,29,2023,2,5,119
2023-04-30,10,7,3,11,5,14,4,30,2023,2,6,120
2023-05-01,8,5,3,10,11,5,5,1,2023,2,0,121
2023-05-02,10,6,4,8,10,11,5,2,2023,2,1,122
2023-05-03,8,4,4,10,8,10,5,3,2023,2,2,123
2023-05-04,5,3,2,8,10,8,5,4,2023,2,3,124
2023-05-05,10,6,4,5,8,10,5,5,2023,2,4,125
2023-05-06,14,2,12,10,5,8,5,6,2023,2,5,126
2023-05-07,10,4,6,14,10,5,5,7,2023,2,6,127
2023-05-08,12,7,5,10,14,10,5,8,2023,2,0,128
2023-05-09,10,4,6,12,10,14,5,9,2023,2,1,129
2023-05-10,10,3,7,10,12,10,5,10,2023,2,2,130
2023-05-11,3,1,2,10,10,12,5,11,2023,2,3,131
2023-05-12,8,4,4,3,10,10,5,12,2023,2,4,132
2023-05-13,13,9,4,8,3,10,5,13,2023,2,5,133
2023-05-14,11,8,3,13,8,3,5,14,2023,2,6,134
2023-05-15,8,4,4,11,13,8,5,15,2023,2,0,135
2023-05-16,13,7,6,8,11,13,5,16,2023,2,1,136
2023-05-17,8,6,2,13,8,11,5,17,2023,2,2,137
2023-05-18,9,6,3,8,13,8,5,18,2023,2,3,138
2023-05-19,13,6,7,9,8,13,5,19,2023,2,4,139
2023-05-20,13,6,7,13,9,8,5,20,2023,2,5,140
2023-05-21,15,9,6,13,13,9,5,21,2023,2,6,141
2023-05-22,5,4,1,15,13,13,5,22,2023,2,0,142
2023-05-23,14,8,6,5,15,13,5,23,2023,2,1,143
2023-05-24,14,10,4,14,5,15,5,24,2023,2,2,144
2023-05-25,11,6,5,14,14,5,5,25,2023,2,3,145
2023-05-26,11,4,7,11,14,14,5,26,2023,2,4,146
2023-05-27,9,4,5,11,11,14,5,27,2023,2,5,147
2023-05-28,5,1,4,9,11,11,5,28,2023,2,6,148
2023-05-29,9,4,5,5,9,11,5,29,2023,2,0,149
2023-05-30,8,6,2,9,5,9,5,30,2023,2,1,150
2023-05-31,12,3,9,8,9,5,5,31,2023,2,2,151
2023-06-01,3,2,1,12,8,9,6,1,2023,2,3,152
2023-06-02,8,4,4,3,12,8,6,2,2023,2,4,153
2023-06-03,12,5,7,8,3,12,6,3,2023,2,5,154
2023-06-04,16,9,7,12,8,3,6,4,2023,2,6,155
2023-06-05,18,7,11,16,12,8,6,5,2023,2,0,156
2023-06-06,6,5,1,18,16,12,6,6,2023,2,1,157
2023-06-07,10,4,6,6,18,16,6,7,2023,2,2,158
2023-06-08,10,7,3,10,6,18,6,8,2023,2,3,159
2023-06-09,10,4,6,10,10,6,6,9,2023,2,4,160
2023-06-10,16,6,10,10,10,10,6,10,2023,2,5,161
2023-06-11,9,3,6,16,10,10,6,11,2023,2,6,162
2023-06-12,15,5,10,9,16,10,6,12,2023,2,0,163
2023-06-13,5,1,4,15,9,16,6,13,2023,2,1,164
2023-06-14,7,5,2,5,15,9,6,14,2023,2,2,165
2023-06-15,10,5,5,7,5,15,6,15,2023,2,3,166
2023-06-16,11,6,5,10,7,5,6,16,2023,2,4,167
2023-06-17,11,7,4,11,10,7,6,17,2023,2,5,168
2023-06-18,9,1,8,11,11,10,6,18,2023,2,6,169
2023-06-19,11,5,6,9,11,11,6,19,2023,2,0,170
2023-06-20,8,4,4,11,9,11,6,20,2023,2,1,171
2023-06-21,8,3,5,8,11,9,6,21,2023,2,2,172
2023-06-22,7,5,2,8,8,11,6,22,2023,2,3,173
2023-06-23,11,6,5,7,8,8,6,23,2023,2,4,174
2023-06-24,10,7,3,11,7,8,6,24,2023,2,5,175
2023-06-25,9,6,3,10,11,7,6,25,2023,2,6,176
2023-06-26,15,12,3,9,10,11,6,26,2023,2,0,177
2023-06-27,10,6,4,15,9,10,6,27,2023,2,1,178
2023-06-28,11,9,2,10,15,9,6,28,2023,2,2,179
2023-06-29,8,3,5,11,10,15,6,29,2023,2,3,180
2023-06-30,9,1,8,8,11,10,6,30,2023,2,4,181
2023-07-01,18,4,14,9,8,11,7,1,2023,3,5,182
2023-07-02,15,7,8,18,9,8,7,2,2023,3,6,183
2023-07-03,10,4,6,15,18,9,7,3,2023,3,0,184
2023-07-04,3,2,1,10,15,18,7,4,2023,3,1,185
2023-07-05,10,3,7,3,10,15,7,5,2023,3,2,186
2023-07-06,10,5,5,10,3,10,7,6,2023,3,3,187
2023-07-07,12,3,9,10,10,3,7,7,2023,3,4,188
2023-07-08,8,6,2,12,10,10,7,8,2023,3,5,189
2023-07-09,15,9,6,8,12,10,7,9,2023,3,6,190
2023-07-10,11,4,7,15,8,12,7,10,2023,3,0,191
2023-07-11,6,3,3,11,15,8,7,11,2023,3,1,192
2023-07-12,12,8,4,6,11,15,7,12,2023,3,2,193
2023-07-13,8,4,4,12,6,11,7,13,2023,3,3,194
2023-07-14,7,0,7,8,12,6,7,14,2023,3,4,195
2023-07-15,9,3,6,7,8,12,7,15,2023,3,5,196
2023-07-16,11,6,5,9,7,8,7,16,2023,3,6,197
2023-07-17,6,4,2,11,9,7,7,17,2023,3,0,198
2023-07-18,11,5,6,6,11,9,7,18,2023,3,1,199
2023-07-19,3,1,2,11,6,11,7,19,2023,3,2,200
2023-07-20,10,5,5,3,11,6,7,20,2023,3,3,201
2023-07-21,10,2,8,10,3,11,7,21,2023,3,4,202
2023-07-22,13,7,6,10,10,3,7,22,2023,3,5,203
2023-07-23,10,5,5,13,10,10,7,23,2023,3,6,204
2023-07-24,12,7,5,10,13,10,7,24,2023,3,0,205
2023-07-25,13,8,5,12,10,13,7,25,2023,3,1,206
2023-07-26,7,2,5,13,12,10,7,26,2023,3,2,207
2023-07-27,15,10,5,7,13,12,7,27,2023,3,3,208
2023-07-28,9,6,3,15,7,13,7,28,2023,3,4,209
2023-07-29,12,6,6,9,15,7,7,29,2023,3,5,210
2023-07-30,8,7,1,12,9,15,7,30,2023,3,6,211
2023-07-31,15,7,8,8,12,9,7,31,2023,3,0,212
2023-08-01,15,8,7,15,8,12,8,1,2023,3,1,213
2023-08-02,15,9,6,15,15,8,8,2,2023,3,2,214
2023-08-03,6,3,3,15,15,15,8,3,2023,3,3,215
2023-08-04,10,5,5,6,15,15,8,4,2023,3,4,216
2023-08-05,8,3,5,10,6,15,8,5,2023,3,5,217
2023-08-06,7,3,4,8,10,6,8,6,2023,3,6,218
2023-08-07,7,3,4,7,8,10,8,7,2023,3,0,219
2023-08-08,12,8,4,7,7,8,8,8,2023,3,1,220
2023-08-09,10,8,2,12,7,7,8,9,2023,3,2,221
2023-08-10,14,7,7,10,12,7,8,10,2023,3,3,222
2023-08-11,11,5,6,14,10,12,8,11,2023,3,4,223
2023-08-12,9,7,2,11,14,10,8,12,2023,3,5,224
2023-08-13,7,2,5,9,11,14,8,13,2023,3,6,225
2023-08-14,16,7,9,7,9,11,8,14,2023,3,0,226
2023-08-15,13,7,6,16,7,9,8,15,2023,3,1,227
2023-08-16,7,3,4,13,16,7,8,16,2023,3,2,228
2023-08-17,17,7,10,7,13,16,8,17,2023,3,3,229
2023-08-18,7,4,3,17,7,13,8,18,2023,3,4,230
2023-08-19,5,4,1,7,17,7,8,19,2023,3,5,231
2023-08-20,5,1,4,5,7,17,8,20,2023,3,6,232
2023-08-21,13,2,11,5,5,7,8,21,2023,3,0,233
2023-08-22,15,10,5,13,5,5,8,22,2023,3,1,234
2023-08-23,15,7,8,15,13,5,8,23,2023,3,2,235
2023-08-24,8,5,3,15,15,13,8,24,2023,3,3,236
2023-08-25,9,2,7,8,15,15,8,25,2023,3,4,237
2023-08-26,5,3,2,9,8,15,8,26,2023,3,5,238
2023-08-27,12,8,4,5,9,8,8,27,2023,3,6,239
2023-08-28,7,6,1,12,5,9,8,28,2023,3,0,240
2023-08-29,13,7,6,7,12,5,8,29,2023,3,1,241
2023-08-30,13,5,8,13,7,12,8,30,2023,3,2,242
2023-08-31,9,5,4,13,13,7,8,31,2023,3,3,243
2023-09-01,17,7,10,9,13,13,9,1,2023,3,4,244
2023-09-02,2,1,1,17,9,13,9,2,2023,3,5,245
2023-09-03,14,11,3,2,17,9,9,3,2023,3,6,246
2023-09-04,6,2,4,14,2,17,9,4,2023,3,0,247
2023-09-05,13,5,8,6,14,2,9,5,2023,3,1,248
2023-09-06,12,2,10,13,6,14,9,6,2023,3,2,249
2023-09-07,10,3,7,12,13,6,9,7,2023,3,3,250
2023-09-08,22,15,7,10,12,13,9,8,2023,3,4,251
2023-09-09,3,3,0,22,10,12,9,9,2023,3,5,252
2023-09-10,6,2,4,3,22,10,9,10,2023,3,6,253
2023-09-11,7,1,6,6,3,22,9,11,2023,3,0,254
2023-09-12,17,9,8,7,6,3,9,12,2023,3,1,255
2023-09-13,10,6,4,17,7,6,9,13,2023,3,2,256
2023-09-14,12,10,2,10,17,7,9,14,2023,3,3,257
2023-09-15,11,4,7,12,10,17,9,15,2023,3,4,258
2023-09-16,10,6,4,11,12,10,9,16,2023,3,5,259
2023-09-17,6,4,2,10,11,12,9,17,2023,3,6,260
2023-09-18,10,7,3,6,10,11,9,18,2023,3,0,261
2023-09-19,7,3,4,10,6,10,9,19,2023,3,1,262
2023-09-20,14,7,7,7,10,6,9,20,2023,3,2,263
2023-09-21,7,1,6,14,7,10,9,21,2023,3,3,264
2023-09-22,5,3,2,7,14,7,9,22,2023,3,4,265
2023-09-23,16,9,7,5,7,14,9,23,2023,3,5,266
2023-09-24,14,6,8,16,5,7,9,24,2023,3,6,267
2023-09-25,13,4,9,14,16,5,9,25,2023,3,0,268
2023-09-26,11,6,5,13,14,16,9,26,2023,3,1,269
2023-09-27,8,4,4,11,13,14,9,27,2023,3,2,270
2023-09-28,7,3,4,8,11,13,9,28,2023,3,3,271
2023-09-29,10,4,6,7,8,11,9,29,2023,3,4,272
2023-09-30,10,3,7,10,7,8,9,30,2023,3,5,273
2023-10-01,17,9,8,10,10,7,10,1,2023,4,6,274
2023-10-02,10,3,7,17,10,10,10,2,2023,4,0,275
2023-10-03,13,3,10,10,17,10,10,3,2023,4,1,276
2023-10-04,10,5,5,13,10,17,10,4,2023,4,2,277
2023-10-05,8,7,1,10,13,10,10,5,2023,4,3,278
2023-10-06,12,7,5,8,10,13,10,6,2023,4,4,279
2023-10-07,4,1,3,12,8,10,10,7,2023,4,5,280
2023-10-08,9,5,4,4,12,8,10,8,2023,4,6,281
2023-10-09,10,9,1,9,4,12,10,9,2023,4,0,282
2023-10-10,14,3,11,10,9,4,10,10,2023,4,1,283
2023-10-11,9,4,5,14,10,9,10,11,2023,4,2,284
2023-10-12,9,3,6,9,14,10,10,12,2023,4,3,285
2023-10-13,9,4,5,9,9,14,10,13,2023,4,4,286
2023-10-14,6,2,4,9,9,9,10,14,2023,4,5,287
2023-10-15,10,7,3,6,9,9,10,15,2023,4,6,288
2023-10-16,9,5,4,10,6,9,10,16,2023,4,0,289
2023-10-17,7,2,5,9,10,6,10,17,2023,4,1,290
2023-10-18,10,6,4,7,9,10,10,18,2023,4,2,291
2023-10-19,7,4,3,10,7,9,10,19,2023,4,3,292
2023-10-20,5,3,2,7,10,7,10,20,2023,4,4,293
2023-10-21,9,6,3,5,7,10,10,21,2023,4,5,294
2023-10-22,12,5,7,9,5,7,10,22,2023,4,6,295
2023-10-23,13,8,5,12,9,5,10,23,2023,4,0,296
2023-10-24,2,1,1,13,12,9,10,24,2023,4,1,297
2023-10-25,10,8,2,2,13,12,10,25,2023,4,2,298
2023-10-26,12,8,4,10,2,13,10,26,2023,4,3,299
2023-10-27,12,4,8,12,10,2,10,27,2023,4,4,300
2023-10-28,9,2,7,12,12,10,10,28,2023,4,5,301
2023-10-29,3,1,2,9,12,12,10,29,2023,4,6,302
2023-10-30,8,6,2,3,9,12,10,30,2023,4,0,303
2023-10-31,2,1,1,8,3,9,10,31,2023,4,1,304
2023-11-01,7,2,5,2,8,3,11,1,2023,4,2,305
2023-11-02,2,0,2,7,2,8,11,2,2023,4,3,306
2023-11-03,10,5,5,2,7,2,11,3,2023,4,4,307
2023-11-04,5,5,0,10,2,7,11,4,2023,4,5,308
2023-11-05,10,7,3,5,10,2,11,5,2023,4,6,309
2023-11-06,3,0,3,10,5,10,11,6,2023,4,0,310
2023-11-07,10,2,8,3,10,5,11,7,2023,4,1,311
2023-11-08,9,3,6,10,3,10,11,8,2023,4,2,312
2023-11-09,9,5,4,9,10,3,11,9,2023,4,3,313
2023-11-10,7,4,3,9,9,10,11,10,2023,4,4,314
2023-11-11,11,5,6,7,9,9,11,11,2023,4,5,315
2023-11-12,9,3,6,11,7,9,11,12,2023,4,6,316
2023-11-13,11,7,4,9,11,7,11,13,2023,4,0,317
2023-11-14,9,4,5,11,9,11,11,14,2023,4,1,318
2023-11-15,7,4,3,9,11,9,11,15,2023,4,2,319
2023-11-16,9,6,3,7,9,11,11,16,2023,4,3,320
2023-11-17,12,6,6,9,7,9,11,17,2023,4,4,321
2023-11-18,14,6,8,12,9,7,11,18,2023,4,5,322
2023-11-19,8,5,3,14,12,9,11,19,2023,4,6,323
2023-11-20,9,4,5,8,14,12,11,20,2023,4,0,324
2023-11-21,10,6,4,9,8,14,11,21,2023,4,1,325
2023-11-22,7,3,4,10,9,8,11,22,2023,4,2,326
2023-11-23,10,5,5,7,10,9,11,23,2023,4,3,327
2023-11-24,9,3,6,10,7,10,11,24,2023,4,4,328
2023-11-25,9,3,6,9,10,7,11,25,2023,4,5,329
2023-11-26,4,2,2,9,9,10,11,26,2023,4,6,330
2023-11-27,6,3,3,4,9,9,11,27,2023,4,0,331
2023-11-28,16,9,7,6,4,9,11,28,2023,4,1,332
2023-11-29,12,8,4,16,6,4,11,29,2023,4,2,333
2023-11-30,15,6,9,12,16,6,11,30,2023,4,3,334
2023-12-01,8,4,4,15,12,16,12,1,2023,4,4,335
2023-12-02,7,3,4,8,15,12,12,2,2023,4,5,336
2023-12-03,9,5,4,7,8,15,12,3,2023,4,6,337
2023-12-04,12,6,6,9,7,8,12,4,2023,4,0,338
2023-12-05,15,9,6,12,9,7,12,5,2023,4,1,339
2023-12-06,6,3,3,15,12,9,12,6,2023,4,2,340
2023-12-07,9,6,3,6,15,12,12,7,2023,4,3,341
2023-12-08,11,6,5,9,6,15,12,8,2023,4,4,342
2023-12-09,8,3,5,11,9,6,12,9,2023,4,5,343
2023-12-10,5,2,3,8,11,9,12,10,2023,4,6,344
2023-12-11,18,9,9,5,8,11,12,11,2023,4,0,345
2023-12-12,13,8,5,18,5,8,12,12,2023,4,1,346
2023-12-13,13,9,4,13,18,5,12,13,2023,4,2,347
2023-12-14,6,4,2,13,13,18,12,14,2023,4,3,348
2023-12-15,12,6,6,6,13,13,12,15,2023,4,4,349
2023-12-16,11,7,4,12,6,13,12,16,2023,4,5,350
2023-12-17,9,5,4,11,12,6,12,17,2023,4,6,351
2023-12-18,14,9,5,9,11,12,12,18,2023,4,0,352
2023-12-19,5,2,3,14,9,11,12,19,2023,4,1,353
2023-12-20,7,1,6,5,14,9,12,20,2023,4,2,354
2023-12-21,7,4,3,7,5,14,12,21,2023,4,3,355
2023-12-22,10,7,3,7,7,5,12,22,2023,4,4,356
2023-12-23,8,4,4,10,7,7,12,23,2023,4,5,357
2023-12-24,15,8,7,8,10,7,12,24,2023,4,6,358
2023-12-25,13,7,6,15,8,10,12,25,2023,4,0,359
2023-12-26,16,7,9,13,15,8,12,26,2023,4,1,360
2023-12-27,7,2,5,16,13,15,12,27,2023,4,2,361
2023-12-28,14,7,7,7,16,13,12,28,2023,4,3,362
2023-12-29,12,7,5,14,7,16,12,29,2023,4,4,363
2023-12-30,11,6,5,12,14,7,12,30,2023,4,5,364
2023-12-31,5,4,1,11,12,14,12,31,2023,4,6,365
2024-01-01,17,6,11,5,11,12,1,1,2024,1,0,1
2024-01-02,11,2,9,17,5,11,1,2,2024,1,1,2
2024-01-03,6,5,1,11,17,5,1,3,2024,1,2,3
2024-01-04,12,6,6,6,11,17,1,4,2024,1,3,4
2024-01-05,11,7,4,12,6,11,1,5,2024,1,4,5
2024-01-06,14,9,5,11,12,6,1,6,2024,1,5,6
2024-01-07,8,5,3,14,11,12,1,7,2024,1,6,7
2024-01-08,8,6,2,8,14,11,1,8,2024,1,0,8
2024-01-09,7,3,4,8,8,14,1,9,2024,1,1,9
2024-01-10,3,3,0,7,8,8,1,10,2024,1,2,10
2024-01-11,9,6,3,3,7,8,1,11,2024,1,3,11
2024-01-12,11,4,7,9,3,7,1,12,2024,1,4,12
2024-01-13,13,8,5,11,9,3,1,13,2024,1,5,13
2024-01-14,13,9,4,13,11,9,1,14,2024,1,6,14
2024-01-15,5,3,2,13,13,11,1,15,2024,1,0,15
2024-01-16,10,5,5,5,13,13,1,16,2024,1,1,16
2024-01-17,12,4,8,10,5,13,1,17,2024,1,2,17
2024-01-18,11,3,8,12,10,5,1,18,2024,1,3,18
2024-01-19,10,8,2,11,12,10,1,19,2024,1,4,19
2024-01-20,11,7,4,10,11,12,1,20,2024,1,5,20
2024-01-21,10,4,6,11,10,11,1,21,2024,1,6,21
2024-01-22,8,5,3,10,11,10,1,22,2024,1,0,22
2024-01-23,13,8,5,8,10,11,1,23,2024,1,1,23
2024-01-24,7,5,2,13,8,10,1,24,2024,1,2,24
2024-01-25,9,4,5,7,13,8,1,25,2024,1,3,25
2024-01-26,7,4,3,9,7,13,1,26,2024,1,4,26
2024-01-27,11,7,4,7,9,7,1,27,2024,1,5,27
2024-01-28,14,6,8,11,7,9,1,28,2024,1,6,28
2024-01-29,10,6,4,14,11,7,1,29,2024,1,0,29
2024-01-30,8,3,5,10,14,11,1,30,2024,1,1,30
2024-01-31,4,2,2,8,10,14,1,31,2024,1,2,31
2024-02-01,11,6,5,4,8,10,2,1,2024,1,3,32
2024-02-02,10,5,5,11,4,8,2,2,2024,1,4,33
2024-02-03,19,10,9,10,11,4,2,3,2024,1,5,34
2024-02-04,14,6,8,19,10,11,2,4,2024,1,6,35
2024-02-05,10,4,6,14,19,10,2,5,2024,1,0,36
2024-02-06,9,7,2,10,14,19,2,6,2024,1,1,37
2024-02-07,4,1,3,9,10,14,2,7,2024,1,2,38
2024-02-08,12,2,10,4,9,10,2,8,2024,1,3,39
2024-02-09,11,8,3,12,4,9,2,9,2024,1,4,40
2024-02-10,13,4,9,11,12,4,2,10,2024,1,5,41
2024-02-11,8,4,4,13,11,12,2,11,2024,1,6,42
2024-02-12,15,7,8,8,13,11,2,12,2024,1,0,43
2024-02-13,10,6,4,15,8,13,2,13,2024,1,1,44
2024-02-14,21,13,8,10,15,8,2,14,2024,1,2,45
2024-02-15,5,1,4,21,10,15,2,15,2024,1,3,46
2024-02-16,13,4,9,5,21,10,2,16,2024,1,4,47
2024-02-17,13,5,8,13,5,21,2,17,2024,1,5,48
2024-02-18,5,4,1,13,13,5,2,18,2024,1,6,49
2024-02-19,9,3,6,5,13,13,2,19,2024,1,0,50
2024-02-20,9,2,7,9,5,13,2,20,2024,1,1,51
2024-02-21,16,6,10,9,9,5,2,21,2024,1,2,52
2024-02-22,13,5,8,16,9,9,2,22,2024,1,3,53
2024-02-23,13,11,2,13,16,9,2,23,2024,1,4,54
2024-02-24,8,4,4,13,13,16,2,24,2024,1,5,55
2024-02-25,12,11,1,8,13,13,2,25,2024,1,6,56
2024-02-26,10,6,4,12,8,13,2,26,2024,1,0,57
2024-02-27,7,4,3,10,12,8,2,27,2024,1,1,58
2024-02-28,8,1,7,7,10,12,2,28,2024,1,2,59
2024-02-29,10,2,8,8,7,10,2,29,2024,1,3,60
2024-03-01,12,9,3,10,8,7,3,1,2024,1,4,61
2024-03-02,8,5,3,12,10,8,3,2,2024,1,5,62
2024-03-03,12,7,5,8,12,10,3,3,2024,1,6,63
2024-03-04,4,2,2,12,8,12,3,4,2024,1,0,64
2024-03-05,8,2,6,4,12,8,3,5,2024,1,1,65
2024-03-06,7,2,5,8,4,12,3,6,2024,1,2,66
2024-03-07,13,5,8,7,8,4,3,7,2024,1,3,67
2024-03-08,5,3,2,13,7,8,3,8,2024,1,4,68
2024-03-09,8,2,6,5,13,7,3,9,2024,1,5,69
2024-03-10,9,7,2,8,5,13,3,10,2024,1,6,70
2024-03-11,11,5,6,9,8,5,3,11,2024,1,0,71
2024-03-12,8,4,4,11,9,8,3,12,2024,1,1,72
2024-03-13,6,5,1,8,11,9,3,13,2024,1,2,73
2024-03-14,12,8,4,6,8,11,3,14,2024,1,3,74
2024-03-15,8,6,2,12,6,8,3,15,2024,1,4,75
2024-03-16,18,12,6,8,12,6,3,16,2024,1,5,76
2024-03-17,10,4,6,18,8,12,3,17,2024,1,6,77
2024-03-18,5,4,1,10,18,8,3,18,2024,1,0,78
2024-03-19,12,8,4,5,10,18,3,19,2024,1,1,79
2024-03-20,6,3,3,12,5,10,3,20,2024,1,2,80
2024-03-21,9,8,1,6,12,5,3,21,2024,1,3,81
2024-03-22,11,6,5,9,6,12,3,22,2024,1,4,82
2024-03-23,8,6,2,11,9,6,3,23,2024,1,5,83
2024-03-24,17,11,6,8,11,9,3,24,2024,1,6,84
2024-03-25,16,9,7,17,8,11,3,25,2024,1,0,85
2024-03-26,4,1,3,16,17,8,3,26,2024,1,1,86
2024-03-27,7,4,3,4,16,17,3,27,2024,1,2,87
2024-03-28,5,3,2,7,4,16,3,28,2024,1,3,88
2024-03-29,8,3,5,5,7,4,3,29,2024,1,4,89
2024-03-30,9,2,7,8,5,7,3,30,2024,1,5,90
2024-03-31,10,8,2,9,8,5,3,31,2024,1,6,91
2024-04-01,12,10,2,10,9,8,4,1,2024,2,0,92
2024-04-02,5,2,3,12,10,9,4,2,2024,2,1,93
2024-04-03,12,7,5,5,12,10,4,3,2024,2,2,94
2024-04-04,8,3,5,12,5,12,4,4,2024,2,3,95
2024-04-05,9,5,4,8,12,5,4,5,2024,2,4,96
2024-04-06,8,3,5,9,8,12,4,6,2024,2,5,97
2024-04-07,14,8,6,8,9,8,4,7,2024,2,6,98
2024-04-08,11,6,5,14,8,9,4,8,2024,2,0,99
2024-04-09,8,4,4,11,14,8,4,9,2024,2,1,100
2024-04-10,9,3,6,8,11,14,4,10,2024,2,2,101
2024-04-11,11,5,6,9,8,11,4,11,2024,2,3,102
2024-04-12,5,3,2,11,9,8,4,12,2024,2,4,103
2024-04-13,10,4,6,5,11,9,4,13,2024,2,5,104
2024-04-14,10,4,6,10,5,11,4,14,2024,2,6,105
2024-04-15,11,5,6,10,10,5,4,15,2024,2,0,106
2024-04-16,4,2,2,11,10,10,4,16,2024,2,1,107
2024-04-17,11,5,6,4,11,10,4,17,2024,2,2,108
2024-04-18,12,6,6,11,4,11,4,18,2024,2,3,109
2024-04-19,7,2,5,12,11,4,4,19,2024,2,4,110
2024-04-20,13,8,5,7,12,11,4,20,2024,2,5,111
2024-04-21,16,10,6,13,7,12,4,21,2024,2,6,112
2024-04-22,9,5,4,16,13,7,4,22,2024,2,0,113
2024-04-23,11,9,2,9,16,13,4,23,2024,2,1,114
2024-04-24,11,5,6,11,9,16,4,24,2024,2,2,115
2024-04-25,13,9,4,11,11,9,4,25,2024,2,3,116
2024-04-26,8,3,5,13,11,11,4,26,2024,2,4,117
2024-04-27,13,6,7,8,13,11,4,27,2024,2,5,118
2024-04-28,20,13,7,13,8,13,4,28,2024,2,6,119
2024-04-29,8,3,5,20,13,8,4,29,2024,2,0,120
2024-04-30,14,3,11,8,20,13,4,30,2024,2,1,121
2024-05-01,15,6,9,14,8,20,5,1,2024,2,2,122
2024-05-02,12,5,7,15,14,8,5,2,2024,2,3,123
2024-05-03,8,3,5,12,15,14,5,3,2024,2,4,124
2024-05-04,9,6,3,8,12,15,5,4,2024,2,5,125
2024-05-05,6,2,4,9,8,12,5,5,2024,2,6,126
2024-05-06,13,9,4,6,9,8,5,6,2024,2,0,127
2024-05-07,14,10,4,13,6,9,5,7,2024,2,1,128
